date,time_step,streamflow_sim
1995-01-01,0,1.3168534
1995-01-02,0,1.2952371
1995-01-03,0,1.3615086
1995-01-04,0,1.4120533
1995-01-05,0,1.349047
1995-01-06,0,1.3266661
1995-01-07,0,1.3976928
1995-01-08,0,1.9300725
1995-01-09,0,2.6511307
1995-01-10,0,6.514183
1995-01-11,0,13.724954
1995-01-12,0,17.707113
1995-01-13,0,18.886744
1995-01-14,0,18.981606
1995-01-15,0,19.271124
1995-01-16,0,15.14353
1995-01-17,0,11.147262
1995-01-18,0,7.8768444
1995-01-19,0,6.2780285
1995-01-20,0,5.910323
1995-01-21,0,5.207297
1995-01-22,0,4.823024
1995-01-23,0,5.4666023
1995-01-24,0,5.8608956
1995-01-25,0,5.667358
1995-01-26,0,5.142548
1995-01-27,0,5.2774324
1995-01-28,0,5.7537894
1995-01-29,0,5.1570816
1995-01-30,0,4.9900723
1995-01-31,0,4.6810493
1995-02-01,0,4.1033945
1995-02-02,0,3.894875
1995-02-03,0,3.8041432
1995-02-04,0,3.6139445
1995-02-05,0,3.4882612
1995-02-06,0,3.6855273
1995-02-07,0,3.802263
1995-02-08,0,3.4903014
1995-02-09,0,3.5727031
1995-02-10,0,3.4751606
1995-02-11,0,3.4236498
1995-02-12,0,3.1410966
1995-02-13,0,3.1678228
1995-02-14,0,3.4400702
1995-02-15,0,3.987381
1995-02-16,0,4.002118
1995-02-17,0,3.541778
1995-02-18,0,3.3478951
1995-02-19,0,2.9967792
1995-02-20,0,2.8832107
1995-02-21,0,2.9578183
1995-02-22,0,2.9315479
1995-02-23,0,3.028861
1995-02-24,0,3.0526552
1995-02-25,0,3.058221
1995-02-26,0,3.08938
1995-02-27,0,3.0947027
1995-02-28,0,3.1454985
1995-03-01,0,3.1408286
1995-03-02,0,2.8694322
1995-03-03,0,3.4629521
1995-03-04,0,3.6552038
1995-03-05,0,3.5547516
1995-03-06,0,3.717063
1995-03-07,0,3.7158432
1995-03-08,0,3.6069665
1995-03-09,0,4.0314674
1995-03-10,0,6.828924
1995-03-11,0,11.261422
1995-03-12,0,15.804727
1995-03-13,0,17.469458
1995-03-14,0,16.922838
1995-03-15,0,14.411167
1995-03-16,0,11.964877
1995-03-17,0,9.608651
1995-03-18,0,7.7540455
1995-03-19,0,7.9199514
1995-03-20,0,8.028011
1995-03-21,0,9.295938
1995-03-22,0,11.904638
1995-03-23,0,15.061029
1995-03-24,0,14.195169
1995-03-25,0,10.5977545
1995-03-26,0,7.4133024
1995-03-27,0,5.440062
1995-03-28,0,4.7146325
1995-03-29,0,4.459896
1995-03-30,0,4.3425465
1995-03-31,0,4.0978518
1995-04-01,0,4.193444
1995-04-02,0,4.130805
1995-04-03,0,4.321742
1995-04-04,0,3.9314485
1995-04-05,0,3.444529
1995-04-06,0,3.7606325
1995-04-07,0,5.2323585
1995-04-08,0,7.420311
1995-04-09,0,6.690074
1995-04-10,0,6.2705956
1995-04-11,0,5.6558485
1995-04-12,0,5.247897
1995-04-13,0,5.974411
1995-04-14,0,6.1790714
1995-04-15,0,5.8116655
1995-04-16,0,5.115244
1995-04-17,0,4.40635
1995-04-18,0,4.1378384
1995-04-19,0,3.8837838
1995-04-20,0,3.8609161
1995-04-21,0,4.0220037
1995-04-22,0,4.253419
1995-04-23,0,3.9400291
1995-04-24,0,3.5844736
1995-04-25,0,3.3806891
1995-04-26,0,3.1907105
1995-04-27,0,3.674801
1995-04-28,0,4.009268
1995-04-29,0,7.1988497
1995-04-30,0,14.502741
1995-05-01,0,20.848572
1995-05-02,0,33.33211
1995-05-03,0,26.338718
1995-05-04,0,17.397245
1995-05-05,0,12.951571
1995-05-06,0,9.826247
1995-05-07,0,8.3365
1995-05-08,0,6.7588806
1995-05-09,0,6.3275394
1995-05-10,0,6.5762196
1995-05-11,0,6.6091747
1995-05-12,0,6.0148096
1995-05-13,0,5.4101954
1995-05-14,0,4.9492455
1995-05-15,0,5.5017586
1995-05-16,0,5.6348825
1995-05-17,0,5.352382
1995-05-18,0,5.399515
1995-05-19,0,5.600775
1995-05-20,0,5.335911
1995-05-21,0,5.040223
1995-05-22,0,5.0320864
1995-05-23,0,4.7656546
1995-05-24,0,4.64862
1995-05-25,0,4.5328703
1995-05-26,0,4.6727524
1995-05-27,0,4.960603
1995-05-28,0,5.2824225
1995-05-29,0,5.0679293
1995-05-30,0,4.7541947
1995-05-31,0,4.9829974
1995-06-01,0,4.990062
1995-06-02,0,5.189975
1995-06-03,0,5.155361
1995-06-04,0,5.247202
1995-06-05,0,5.652381
1995-06-06,0,6.0799694
1995-06-07,0,5.642721
1995-06-08,0,4.4983425
1995-06-09,0,3.8923326
1995-06-10,0,3.9562082
1995-06-11,0,4.135853
1995-06-12,0,4.159589
1995-06-13,0,4.1086426
1995-06-14,0,4.323674
1995-06-15,0,4.391272
1995-06-16,0,5.748556
1995-06-17,0,4.763095
1995-06-18,0,4.775188
1995-06-19,0,4.6716795
1995-06-20,0,4.530656
1995-06-21,0,4.0887566
1995-06-22,0,3.9497924
1995-06-23,0,3.9961767
1995-06-24,0,3.9732955
1995-06-25,0,4.2056956
1995-06-26,0,4.0220785
1995-06-27,0,4.0294633
1995-06-28,0,3.9511375
1995-06-29,0,3.816595
1995-06-30,0,3.824562
1995-07-01,0,3.6615367
1995-07-02,0,3.5229993
1995-07-03,0,3.513575
1995-07-04,0,3.2943654
1995-07-05,0,3.2045605
1995-07-06,0,3.239126
1995-07-07,0,3.2818186
1995-07-08,0,3.1643481
1995-07-09,0,3.3559153
1995-07-10,0,3.1324015
1995-07-11,0,2.999301
1995-07-12,0,2.9440036
1995-07-13,0,2.5859122
1995-07-14,0,2.4582195
1995-07-15,0,2.4237719
1995-07-16,0,2.3792038
1995-07-17,0,2.24238
1995-07-18,0,2.2498882
1995-07-19,0,2.294214
1995-07-20,0,2.3127189
1995-07-21,0,2.3082592
1995-07-22,0,2.265485
1995-07-23,0,2.1879683
1995-07-24,0,2.0923157
1995-07-25,0,2.015547
1995-07-26,0,2.006065
1995-07-27,0,2.00196
1995-07-28,0,1.9624416
1995-07-29,0,2.0405817
1995-07-30,0,2.0153487
1995-07-31,0,2.0262141
1995-08-01,0,1.9669043
1995-08-02,0,1.9588852
1995-08-03,0,1.9521822
1995-08-04,0,1.9292278
1995-08-05,0,1.9203788
1995-08-06,0,1.9174883
1995-08-07,0,1.9589024
1995-08-08,0,1.9110572
1995-08-09,0,1.8871818
1995-08-10,0,1.811423
1995-08-11,0,1.8139921
1995-08-12,0,1.82822
1995-08-13,0,1.8450141
1995-08-14,0,1.8410745
1995-08-15,0,1.8361275
1995-08-16,0,1.780467
1995-08-17,0,1.697965
1995-08-18,0,1.7620553
1995-08-19,0,1.8122404
1995-08-20,0,1.8132453
1995-08-21,0,1.8002445
1995-08-22,0,1.7746772
1995-08-23,0,1.8065122
1995-08-24,0,1.7579558
1995-08-25,0,1.738207
1995-08-26,0,1.679298
1995-08-27,0,1.6763581
1995-08-28,0,1.6443563
1995-08-29,0,1.6159532
1995-08-30,0,1.6408958
1995-08-31,0,1.647894
1995-09-01,0,1.6396164
1995-09-02,0,1.6330162
1995-09-03,0,1.6289843
1995-09-04,0,1.5606122
1995-09-05,0,1.574127
1995-09-06,0,1.5837594
1995-09-07,0,1.6118159
1995-09-08,0,1.6437734
1995-09-09,0,1.65111
1995-09-10,0,1.618822
1995-09-11,0,1.6298852
1995-09-12,0,1.623597
1995-09-13,0,1.6270492
1995-09-14,0,1.6393762
1995-09-15,0,1.5967801
1995-09-16,0,1.5940914
1995-09-17,0,1.5934315
1995-09-18,0,1.6178758
1995-09-19,0,1.6332483
1995-09-20,0,1.6341918
1995-09-21,0,1.5964019
1995-09-22,0,1.5675524
1995-09-23,0,1.511009
1995-09-24,0,1.4891086
1995-09-25,0,1.4922354
1995-09-26,0,1.4799862
1995-09-27,0,1.4084771
1995-09-28,0,1.4081126
1995-09-29,0,1.4443856
1995-09-30,0,1.4203019
1995-10-01,0,1.481868
1995-10-02,0,1.449883
1995-10-03,0,1.4906743
1995-10-04,0,1.4041073
1995-10-05,0,1.41563
1995-10-06,0,1.3524272
1995-10-07,0,1.3526275
1995-10-08,0,1.2434285
1995-10-09,0,1.2459402
1995-10-10,0,1.2279986
1995-10-11,0,1.1836605
1995-10-12,0,1.2212267
1995-10-13,0,1.2862346
1995-10-14,0,1.2564008
1995-10-15,0,1.1592009
1995-10-16,0,1.2769345
1995-10-17,0,1.2420806
1995-10-18,0,1.2461078
1995-10-19,0,1.1352606
1995-10-20,0,1.074727
1995-10-21,0,1.2169592
1995-10-22,0,1.1696013
1995-10-23,0,1.1898351
1995-10-24,0,1.1337547
1995-10-25,0,0.9863936
1995-10-26,0,0.98815405
1995-10-27,0,1.0410271
1995-10-28,0,1.0830237
1995-10-29,0,1.0851984
1995-10-30,0,0.9683875
1995-10-31,0,1.0262818
1995-11-01,0,0.94423103
1995-11-02,0,0.8287616
1995-11-03,0,0.80552495
1995-11-04,0,0.74284136
1995-11-05,0,0.91455555
1995-11-06,0,0.80045044
1995-11-07,0,0.5990021
1995-11-08,0,0.77846193
1995-11-09,0,1.0060366
1995-11-10,0,0.74444866
1995-11-11,0,0.5170486
1995-11-12,0,0.7062781
1995-11-13,0,0.6437465
1995-11-14,0,0.70603967
1995-11-15,0,0.7434039
1995-11-16,0,0.6532327
1995-11-17,0,0.467659
1995-11-18,0,0.71341157
1995-11-19,0,0.6822164
1995-11-20,0,0.5119895
1995-11-21,0,0.6635742
1995-11-22,0,0.612437
1995-11-23,0,0.5011023
1995-11-24,0,0.44456363
1995-11-25,0,0.29959977
1995-11-26,0,0.51989937
1995-11-27,0,0.7870091
1995-11-28,0,0.84943163
1995-11-29,0,0.7259147
1995-11-30,0,0.8287722
1995-12-01,0,0.9361924
1995-12-02,0,0.75327325
1995-12-03,0,0.7318779
1995-12-04,0,1.0590928
1995-12-05,0,1.1295695
1995-12-06,0,0.82374215
1995-12-07,0,0.88876855
1995-12-08,0,0.89276695
1995-12-09,0,0.8282728
1995-12-10,0,0.87199724
1995-12-11,0,0.8150134
1995-12-12,0,0.9245571
1995-12-13,0,0.92123973
1995-12-14,0,1.1927633
1995-12-15,0,1.2697988
1995-12-16,0,1.4645667
1995-12-17,0,1.6837476
1995-12-18,0,1.7425289
1995-12-19,0,1.5815247
1995-12-20,0,1.6161788
1995-12-21,0,1.6515851
1995-12-22,0,1.6382183
1995-12-23,0,1.6845704
1995-12-24,0,1.6417036
1995-12-25,0,1.5671418
1995-12-26,0,1.4840965
1995-12-27,0,1.3528333
1995-12-28,0,1.3442595
1995-12-29,0,1.3144414
1995-12-30,0,1.6333501
1995-12-31,0,1.2537227
1996-01-01,0,1.5978045
1996-01-02,0,1.6536303
1996-01-03,0,1.7717054
1996-01-04,0,1.6266824
1996-01-05,0,1.4726834
1996-01-06,0,1.48331
1996-01-07,0,1.545345
1996-01-08,0,1.5542433
1996-01-09,0,1.4823356
1996-01-10,0,1.3949599
1996-01-11,0,1.4546411
1996-01-12,0,1.4822006
1996-01-13,0,1.4435356
1996-01-14,0,1.4246562
1996-01-15,0,1.5169823
1996-01-16,0,1.8393861
1996-01-17,0,2.5077376
1996-01-18,0,2.873409
1996-01-19,0,3.1682215
1996-01-20,0,3.3875604
1996-01-21,0,3.2134814
1996-01-22,0,3.3797612
1996-01-23,0,3.3100061
1996-01-24,0,4.1480536
1996-01-25,0,7.1313457
1996-01-26,0,6.7021637
1996-01-27,0,8.035174
1996-01-28,0,10.492595
1996-01-29,0,9.442947
1996-01-30,0,7.3142805
1996-01-31,0,5.7550616
1996-02-01,0,4.845316
1996-02-02,0,4.2058268
1996-02-03,0,4.153865
1996-02-04,0,5.7834387
1996-02-05,0,10.428963
1996-02-06,0,11.845591
1996-02-07,0,9.455278
1996-02-08,0,7.5512304
1996-02-09,0,5.8056393
1996-02-10,0,5.105484
1996-02-11,0,4.435899
1996-02-12,0,4.805707
1996-02-13,0,4.204975
1996-02-14,0,3.7907224
1996-02-15,0,3.8003094
1996-02-16,0,3.64726
1996-02-17,0,3.5893903
1996-02-18,0,3.8952968
1996-02-19,0,5.50611
1996-02-20,0,11.000888
1996-02-21,0,21.457706
1996-02-22,0,26.665964
1996-02-23,0,18.813108
1996-02-24,0,11.744591
1996-02-25,0,8.425556
1996-02-26,0,6.6860886
1996-02-27,0,5.6836357
1996-02-28,0,5.38474
1996-02-29,0,5.1224723
1996-03-01,0,5.1159925
1996-03-02,0,5.353534
1996-03-03,0,4.816082
1996-03-04,0,4.8485217
1996-03-05,0,7.6959333
1996-03-06,0,8.10269
1996-03-07,0,7.537424
1996-03-08,0,6.857259
1996-03-09,0,6.331835
1996-03-10,0,5.2941937
1996-03-11,0,5.160655
1996-03-12,0,5.526129
1996-03-13,0,6.0491743
1996-03-14,0,5.784825
1996-03-15,0,4.9144955
1996-03-16,0,4.4761467
1996-03-17,0,4.508461
1996-03-18,0,4.2757254
1996-03-19,0,3.9047341
1996-03-20,0,3.585987
1996-03-21,0,3.4134834
1996-03-22,0,3.269398
1996-03-23,0,3.0904617
1996-03-24,0,3.416296
1996-03-25,0,3.0601673
1996-03-26,0,3.267093
1996-03-27,0,3.1552248
1996-03-28,0,2.8774743
1996-03-29,0,3.285245
1996-03-30,0,3.3768315
1996-03-31,0,3.29775
1996-04-01,0,3.6205049
1996-04-02,0,4.495492
1996-04-03,0,5.1206055
1996-04-04,0,5.0346284
1996-04-05,0,5.1420918
1996-04-06,0,4.735121
1996-04-07,0,4.039753
1996-04-08,0,3.6732364
1996-04-09,0,3.5474663
1996-04-10,0,3.221531
1996-04-11,0,2.783796
1996-04-12,0,2.7120996
1996-04-13,0,2.5948832
1996-04-14,0,2.6504226
1996-04-15,0,2.5771039
1996-04-16,0,3.4824872
1996-04-17,0,3.720958
1996-04-18,0,3.4296267
1996-04-19,0,3.8655152
1996-04-20,0,3.641211
1996-04-21,0,3.2449923
1996-04-22,0,2.8958244
1996-04-23,0,2.8348026
1996-04-24,0,2.8854008
1996-04-25,0,2.9076552
1996-04-26,0,3.1794305
1996-04-27,0,3.086587
1996-04-28,0,2.8540933
1996-04-29,0,2.9340916
1996-04-30,0,2.9579978
1996-05-01,0,3.093576
1996-05-02,0,3.0652719
1996-05-03,0,2.8553896
1996-05-04,0,2.5594196
1996-05-05,0,2.4207132
1996-05-06,0,2.3558216
1996-05-07,0,2.2868133
1996-05-08,0,2.333565
1996-05-09,0,2.224958
1996-05-10,0,2.1460252
1996-05-11,0,2.3345366
1996-05-12,0,2.6345649
1996-05-13,0,3.0221424
1996-05-14,0,3.5052762
1996-05-15,0,3.5844703
1996-05-16,0,5.633189
1996-05-17,0,9.500307
1996-05-18,0,17.538244
1996-05-19,0,20.46914
1996-05-20,0,17.696896
1996-05-21,0,14.5233
1996-05-22,0,11.894137
1996-05-23,0,7.4129353
1996-05-24,0,5.14765
1996-05-25,0,4.5281596
1996-05-26,0,4.1543913
1996-05-27,0,4.0732427
1996-05-28,0,4.001526
1996-05-29,0,3.928739
1996-05-30,0,3.8987908
1996-05-31,0,4.1585236
1996-06-01,0,4.3481517
1996-06-02,0,3.826398
1996-06-03,0,3.4642775
1996-06-04,0,3.4457526
1996-06-05,0,3.2447019
1996-06-06,0,3.2810793
1996-06-07,0,3.1348748
1996-06-08,0,3.0759447
1996-06-09,0,2.9579964
1996-06-10,0,2.9781947
1996-06-11,0,2.914668
1996-06-12,0,2.7859516
1996-06-13,0,2.8296776
1996-06-14,0,2.7344086
1996-06-15,0,2.5548205
1996-06-16,0,2.4123867
1996-06-17,0,2.4408994
1996-06-18,0,2.298404
1996-06-19,0,2.1475801
1996-06-20,0,2.0572236
1996-06-21,0,1.9754192
1996-06-22,0,1.9862232
1996-06-23,0,1.9599566
1996-06-24,0,1.7140498
1996-06-25,0,1.662304
1996-06-26,0,1.6905951
1996-06-27,0,1.8089795
1996-06-28,0,1.886485
1996-06-29,0,1.8404858
1996-06-30,0,1.824035
1996-07-01,0,1.7937124
1996-07-02,0,1.8226904
1996-07-03,0,1.806856
1996-07-04,0,1.6871257
1996-07-05,0,1.6663811
1996-07-06,0,1.6698339
1996-07-07,0,1.7098999
1996-07-08,0,1.69557
1996-07-09,0,1.7621087
1996-07-10,0,1.7721714
1996-07-11,0,1.770972
1996-07-12,0,1.7709147
1996-07-13,0,1.8005787
1996-07-14,0,1.8531976
1996-07-15,0,1.8282819
1996-07-16,0,1.7729164
1996-07-17,0,1.7550788
1996-07-18,0,1.7408249
1996-07-19,0,1.7009704
1996-07-20,0,1.6727407
1996-07-21,0,1.678912
1996-07-22,0,1.6785985
1996-07-23,0,1.6832846
1996-07-24,0,1.6967847
1996-07-25,0,1.6552994
1996-07-26,0,1.6504506
1996-07-27,0,1.6551142
1996-07-28,0,1.7005007
1996-07-29,0,1.732835
1996-07-30,0,1.7067456
1996-07-31,0,1.6758846
1996-08-01,0,1.5937829
1996-08-02,0,1.5319846
1996-08-03,0,1.5878521
1996-08-04,0,1.5960287
1996-08-05,0,1.5865551
1996-08-06,0,1.614214
1996-08-07,0,1.603508
1996-08-08,0,1.5982841
1996-08-09,0,1.628984
1996-08-10,0,1.6282315
1996-08-11,0,1.673184
1996-08-12,0,1.6602902
1996-08-13,0,1.721861
1996-08-14,0,1.7189068
1996-08-15,0,1.6005126
1996-08-16,0,1.5782844
1996-08-17,0,1.5945385
1996-08-18,0,1.5864489
1996-08-19,0,1.5546495
1996-08-20,0,1.5165405
1996-08-21,0,1.5517449
1996-08-22,0,1.5827482
1996-08-23,0,1.621145
1996-08-24,0,1.6229982
1996-08-25,0,1.6081569
1996-08-26,0,1.5150514
1996-08-27,0,1.5207714
1996-08-28,0,1.5479339
1996-08-29,0,1.5956864
1996-08-30,0,1.5538015
1996-08-31,0,1.501986
1996-09-01,0,1.4885736
1996-09-02,0,1.5138412
1996-09-03,0,1.4651821
1996-09-04,0,1.3332925
1996-09-05,0,1.3105164
1996-09-06,0,1.4273868
1996-09-07,0,1.4087253
1996-09-08,0,1.4308491
1996-09-09,0,1.4443896
1996-09-10,0,1.4629335
1996-09-11,0,1.419367
1996-09-12,0,1.3172712
1996-09-13,0,1.231612
1996-09-14,0,1.4171491
1996-09-15,0,1.2821511
1996-09-16,0,1.5618907
1996-09-17,0,1.451345
1996-09-18,0,1.459038
1996-09-19,0,1.4678519
1996-09-20,0,1.4980487
1996-09-21,0,1.4466516
1996-09-22,0,1.4065909
1996-09-23,0,1.3809589
1996-09-24,0,1.3812765
1996-09-25,0,1.376708
1996-09-26,0,1.3496757
1996-09-27,0,1.3283293
1996-09-28,0,1.3376482
1996-09-29,0,1.3595595
1996-09-30,0,1.3225892
1996-10-01,0,1.3628976
1996-10-02,0,1.3229148
1996-10-03,0,1.2867842
1996-10-04,0,1.2770795
1996-10-05,0,1.2632825
1996-10-06,0,1.2565318
1996-10-07,0,1.2988689
1996-10-08,0,1.3047614
1996-10-09,0,1.3534398
1996-10-10,0,1.2705145
1996-10-11,0,1.1649206
1996-10-12,0,1.1885254
1996-10-13,0,1.2428856
1996-10-14,0,1.1836102
1996-10-15,0,1.1343132
1996-10-16,0,1.1234987
1996-10-17,0,1.0983068
1996-10-18,0,0.95810056
1996-10-19,0,1.2486866
1996-10-20,0,1.0822339
1996-10-21,0,1.4304545
1996-10-22,0,1.2977796
1996-10-23,0,1.271012
1996-10-24,0,1.2305226
1996-10-25,0,1.3647798
1996-10-26,0,1.6025147
1996-10-27,0,1.5634124
1996-10-28,0,1.3642396
1996-10-29,0,1.4366934
1996-10-30,0,1.4499047
1996-10-31,0,1.4157149
1996-11-01,0,1.3156848
1996-11-02,0,1.2781463
1996-11-03,0,1.2425206
1996-11-04,0,1.2539477
1996-11-05,0,1.2807035
1996-11-06,0,1.2844465
1996-11-07,0,1.1853158
1996-11-08,0,1.0829368
1996-11-09,0,1.1361948
1996-11-10,0,1.1204879
1996-11-11,0,1.1110952
1996-11-12,0,1.1074269
1996-11-13,0,1.0505433
1996-11-14,0,1.0481517
1996-11-15,0,1.1449459
1996-11-16,0,1.0391347
1996-11-17,0,1.258854
1996-11-18,0,1.4573388
1996-11-19,0,1.5501368
1996-11-20,0,1.8608482
1996-11-21,0,1.7070411
1996-11-22,0,2.1822653
1996-11-23,0,1.9422306
1996-11-24,0,1.6892477
1996-11-25,0,1.3851979
1996-11-26,0,1.5902275
1996-11-27,0,1.6326807
1996-11-28,0,1.4923751
1996-11-29,0,1.5402931
1996-11-30,0,1.3886092
1996-12-01,0,1.0871578
1996-12-02,0,1.3336798
1996-12-03,0,1.3004248
1996-12-04,0,1.1295698
1996-12-05,0,1.8172536
1996-12-06,0,2.708765
1996-12-07,0,3.4394073
1996-12-08,0,3.5995193
1996-12-09,0,3.1689177
1996-12-10,0,4.667146
1996-12-11,0,14.0047865
1996-12-12,0,32.01593
1996-12-13,0,34.26524
1996-12-14,0,22.041624
1996-12-15,0,11.597087
1996-12-16,0,7.0160246
1996-12-17,0,6.536643
1996-12-18,0,6.08943
1996-12-19,0,5.916404
1996-12-20,0,5.7551527
1996-12-21,0,7.6976433
1996-12-22,0,10.412033
1996-12-23,0,9.443646
1996-12-24,0,8.935722
1996-12-25,0,8.568116
1996-12-26,0,8.5154505
1996-12-27,0,9.82485
1996-12-28,0,10.519823
1996-12-29,0,11.976251
1996-12-30,0,15.194298
1996-12-31,0,18.95943
1997-01-01,0,21.665712
1997-01-02,0,44.965794
1997-01-03,0,46.430874
1997-01-04,0,33.90704
1997-01-05,0,19.464989
1997-01-06,0,13.922168
1997-01-07,0,10.640183
1997-01-08,0,8.388882
1997-01-09,0,6.9600124
1997-01-10,0,7.0820265
1997-01-11,0,7.167
1997-01-12,0,6.439183
1997-01-13,0,6.042041
1997-01-14,0,5.563244
1997-01-15,0,5.0139303
1997-01-16,0,5.1683097
1997-01-17,0,4.589578
1997-01-18,0,4.3578935
1997-01-19,0,4.2808733
1997-01-20,0,3.889514
1997-01-21,0,3.7010694
1997-01-22,0,6.210331
1997-01-23,0,9.835629
1997-01-24,0,11.73836
1997-01-25,0,13.181923
1997-01-26,0,15.771352
1997-01-27,0,19.128395
1997-01-28,0,14.100207
1997-01-29,0,9.738302
1997-01-30,0,6.8570747
1997-01-31,0,5.8891716
1997-02-01,0,5.1641507
1997-02-02,0,5.062729
1997-02-03,0,5.1371284
1997-02-04,0,4.9787416
1997-02-05,0,4.886768
1997-02-06,0,4.693063
1997-02-07,0,4.5443087
1997-02-08,0,4.3839054
1997-02-09,0,4.445285
1997-02-10,0,4.3363147
1997-02-11,0,4.1390567
1997-02-12,0,3.4887903
1997-02-13,0,3.0832896
1997-02-14,0,2.9482741
1997-02-15,0,2.7196865
1997-02-16,0,2.9599292
1997-02-17,0,2.955739
1997-02-18,0,2.8692951
1997-02-19,0,2.7138047
1997-02-20,0,2.564139
1997-02-21,0,2.509558
1997-02-22,0,2.400555
1997-02-23,0,2.1264215
1997-02-24,0,1.7230668
1997-02-25,0,1.4032907
1997-02-26,0,1.6810372
1997-02-27,0,1.7834681
1997-02-28,0,2.1250286
1997-03-01,0,1.843576
1997-03-02,0,1.7146684
1997-03-03,0,1.7996852
1997-03-04,0,1.6462506
1997-03-05,0,1.5927055
1997-03-06,0,1.7110456
1997-03-07,0,1.7198919
1997-03-08,0,1.7508196
1997-03-09,0,1.6966184
1997-03-10,0,1.8487843
1997-03-11,0,1.731718
1997-03-12,0,1.7392434
1997-03-13,0,1.5129633
1997-03-14,0,1.5020423
1997-03-15,0,1.5832181
1997-03-16,0,1.7902961
1997-03-17,0,1.5968474
1997-03-18,0,1.7470946
1997-03-19,0,1.7534783
1997-03-20,0,1.6972811
1997-03-21,0,1.8114631
1997-03-22,0,1.7427509
1997-03-23,0,1.7829518
1997-03-24,0,1.9126316
1997-03-25,0,1.7384182
1997-03-26,0,1.8160739
1997-03-27,0,1.7994931
1997-03-28,0,1.7656641
1997-03-29,0,1.660194
1997-03-30,0,1.4479158
1997-03-31,0,1.3835857
1997-04-01,0,1.3500752
1997-04-02,0,1.3845668
1997-04-03,0,1.2322404
1997-04-04,0,1.0379217
1997-04-05,0,1.0755556
1997-04-06,0,0.9984069
1997-04-07,0,0.9046825
1997-04-08,0,0.8263824
1997-04-09,0,0.75416887
1997-04-10,0,0.89133584
1997-04-11,0,0.75150037
1997-04-12,0,0.716619
1997-04-13,0,0.64995
1997-04-14,0,0.4733293
1997-04-15,0,0.5802288
1997-04-16,0,0.47838926
1997-04-17,0,0.53465044
1997-04-18,0,0.6081941
1997-04-19,0,0.830904
1997-04-20,0,1.1189559
1997-04-21,0,1.1133022
1997-04-22,0,1.04966
1997-04-23,0,0.8795377
1997-04-24,0,1.5016806
1997-04-25,0,1.4539452
1997-04-26,0,1.4211097
1997-04-27,0,1.2974184
1997-04-28,0,1.3906364
1997-04-29,0,1.3913081
1997-04-30,0,1.346468
1997-05-01,0,1.2441761
1997-05-02,0,1.1765442
1997-05-03,0,1.2284207
1997-05-04,0,0.9598378
1997-05-05,0,0.97536814
1997-05-06,0,0.97423494
1997-05-07,0,0.94322944
1997-05-08,0,0.904307
1997-05-09,0,0.9548465
1997-05-10,0,1.020623
1997-05-11,0,1.0694224
1997-05-12,0,1.1234462
1997-05-13,0,1.1145356
1997-05-14,0,1.1215346
1997-05-15,0,1.1843905
1997-05-16,0,1.180724
1997-05-17,0,1.2498915
1997-05-18,0,1.2936043
1997-05-19,0,1.3074833
1997-05-20,0,1.0709878
1997-05-21,0,0.87491417
1997-05-22,0,0.8049598
1997-05-23,0,0.65846086
1997-05-24,0,1.0876487
1997-05-25,0,0.9482045
1997-05-26,0,0.7711699
1997-05-27,0,1.0873382
1997-05-28,0,1.2124236
1997-05-29,0,1.2696428
1997-05-30,0,1.2550802
1997-05-31,0,1.2252152
1997-06-01,0,1.3036256
1997-06-02,0,1.2324669
1997-06-03,0,1.1556449
1997-06-04,0,1.2302396
1997-06-05,0,1.3426597
1997-06-06,0,1.2119367
1997-06-07,0,1.2512338
1997-06-08,0,1.3666214
1997-06-09,0,1.3496039
1997-06-10,0,1.4273819
1997-06-11,0,1.3574812
1997-06-12,0,1.4262434
1997-06-13,0,1.1735731
1997-06-14,0,1.2247044
1997-06-15,0,1.4213986
1997-06-16,0,1.4220564
1997-06-17,0,1.3827385
1997-06-18,0,1.3293846
1997-06-19,0,1.3510964
1997-06-20,0,1.2718031
1997-06-21,0,1.1727241
1997-06-22,0,1.1642678
1997-06-23,0,1.1883608
1997-06-24,0,1.133332
1997-06-25,0,1.217772
1997-06-26,0,1.1678662
1997-06-27,0,1.0723398
1997-06-28,0,1.0408089
1997-06-29,0,1.0544169
1997-06-30,0,1.0452116
1997-07-01,0,1.026448
1997-07-02,0,0.98389363
1997-07-03,0,1.0821401
1997-07-04,0,1.1602101
1997-07-05,0,1.082335
1997-07-06,0,1.0883096
1997-07-07,0,1.1725094
1997-07-08,0,1.1976941
1997-07-09,0,1.2971876
1997-07-10,0,1.3066891
1997-07-11,0,1.2734655
1997-07-12,0,1.157697
1997-07-13,0,1.2016006
1997-07-14,0,1.225162
1997-07-15,0,1.1819017
1997-07-16,0,1.149243
1997-07-17,0,1.1673379
1997-07-18,0,1.1960852
1997-07-19,0,1.2446814
1997-07-20,0,1.3094411
1997-07-21,0,1.3749158
1997-07-22,0,1.3280691
1997-07-23,0,1.3360578
1997-07-24,0,1.4771507
1997-07-25,0,1.4738753
1997-07-26,0,1.4205463
1997-07-27,0,1.4182189
1997-07-28,0,1.3525345
1997-07-29,0,1.3632486
1997-07-30,0,1.341975
1997-07-31,0,1.2477357
1997-08-01,0,1.217751
1997-08-02,0,1.1587067
1997-08-03,0,1.2452904
1997-08-04,0,1.3063946
1997-08-05,0,1.2615864
1997-08-06,0,1.3187852
1997-08-07,0,1.3754219
1997-08-08,0,1.4310757
1997-08-09,0,1.4295189
1997-08-10,0,1.3824365
1997-08-11,0,1.3925675
1997-08-12,0,1.3741293
1997-08-13,0,1.3737543
1997-08-14,0,1.4022821
1997-08-15,0,1.3161838
1997-08-16,0,1.2173927
1997-08-17,0,1.2404253
1997-08-18,0,1.282027
1997-08-19,0,1.268945
1997-08-20,0,1.3170993
1997-08-21,0,1.3801737
1997-08-22,0,1.2686963
1997-08-23,0,1.2101256
1997-08-24,0,1.2944622
1997-08-25,0,1.1828798
1997-08-26,0,1.1405503
1997-08-27,0,1.1700605
1997-08-28,0,1.096823
1997-08-29,0,1.0881016
1997-08-30,0,1.0417011
1997-08-31,0,1.0836222
1997-09-01,0,1.1582649
1997-09-02,0,1.1539729
1997-09-03,0,1.2122726
1997-09-04,0,1.1757936
1997-09-05,0,1.1939543
1997-09-06,0,1.1795695
1997-09-07,0,1.0424927
1997-09-08,0,1.086545
1997-09-09,0,1.138378
1997-09-10,0,0.97889555
1997-09-11,0,0.9455339
1997-09-12,0,0.9369465
1997-09-13,0,0.8876214
1997-09-14,0,0.8911239
1997-09-15,0,0.7143401
1997-09-16,0,0.82611084
1997-09-17,0,0.8273518
1997-09-18,0,1.0088981
1997-09-19,0,0.92909026
1997-09-20,0,1.0671976
1997-09-21,0,0.958956
1997-09-22,0,1.0015424
1997-09-23,0,1.0104012
1997-09-24,0,0.98717225
1997-09-25,0,1.0836688
1997-09-26,0,0.8775375
1997-09-27,0,0.9317894
1997-09-28,0,1.0398552
1997-09-29,0,1.0914471
1997-09-30,0,1.0131669
1997-10-01,0,0.9208839
1997-10-02,0,0.7403767
1997-10-03,0,0.97794485
1997-10-04,0,0.81682885
1997-10-05,0,0.80631673
1997-10-06,0,0.825956
1997-10-07,0,0.9609562
1997-10-08,0,0.8132956
1997-10-09,0,0.93080175
1997-10-10,0,1.0815012
1997-10-11,0,0.7523098
1997-10-12,0,0.8286865
1997-10-13,0,0.8658571
1997-10-14,0,0.91525567
1997-10-15,0,0.88793826
1997-10-16,0,0.88106585
1997-10-17,0,0.8957405
1997-10-18,0,0.8480238
1997-10-19,0,0.84280753
1997-10-20,0,0.7747539
1997-10-21,0,0.8348601
1997-10-22,0,0.78080213
1997-10-23,0,0.8395755
1997-10-24,0,0.86440015
1997-10-25,0,0.9648012
1997-10-26,0,0.90815425
1997-10-27,0,0.91564167
1997-10-28,0,0.84114623
1997-10-29,0,0.86902046
1997-10-30,0,0.65509677
1997-10-31,0,0.7260816
1997-11-01,0,0.7141547
1997-11-02,0,0.72806704
1997-11-03,0,0.7713615
1997-11-04,0,0.79830575
1997-11-05,0,0.73884666
1997-11-06,0,0.7538401
1997-11-07,0,0.7010187
1997-11-08,0,0.78483045
1997-11-09,0,0.92098725
1997-11-10,0,1.0232348
1997-11-11,0,0.9156747
1997-11-12,0,0.83728147
1997-11-13,0,0.94516957
1997-11-14,0,0.8503697
1997-11-15,0,0.7940339
1997-11-16,0,0.8696741
1997-11-17,0,0.8024683
1997-11-18,0,0.8096664
1997-11-19,0,0.82782185
1997-11-20,0,0.90231466
1997-11-21,0,0.94311154
1997-11-22,0,0.9656899
1997-11-23,0,0.9069053
1997-11-24,0,0.8130834
1997-11-25,0,0.6932385
1997-11-26,0,1.0342263
1997-11-27,0,0.8047693
1997-11-28,0,1.0699186
1997-11-29,0,1.1421772
1997-11-30,0,1.1295776
1997-12-01,0,1.2819583
1997-12-02,0,1.2612355
1997-12-03,0,1.2876339
1997-12-04,0,1.2740368
1997-12-05,0,1.3743777
1997-12-06,0,1.2984338
1997-12-07,0,1.3713766
1997-12-08,0,1.0375948
1997-12-09,0,1.0253125
1997-12-10,0,1.0263332
1997-12-11,0,0.7218617
1997-12-12,0,0.8374119
1997-12-13,0,0.5598813
1997-12-14,0,0.6642579
1997-12-15,0,0.7261939
1997-12-16,0,0.7780318
1997-12-17,0,0.6033745
1997-12-18,0,0.9918765
1997-12-19,0,1.1115646
1997-12-20,0,0.98995745
1997-12-21,0,1.0770872
1997-12-22,0,1.160906
1997-12-23,0,1.0130364
1997-12-24,0,1.1681365
1997-12-25,0,1.1410851
1997-12-26,0,0.8577832
1997-12-27,0,0.7151147
1997-12-28,0,0.7437513
1997-12-29,0,0.7080394
1997-12-30,0,0.7687067
1997-12-31,0,0.6919882
1998-01-01,0,0.7232574
1998-01-02,0,0.8872831
1998-01-03,0,1.1085553
1998-01-04,0,0.5678667
1998-01-05,0,1.0623406
1998-01-06,0,1.0049372
1998-01-07,0,0.9826095
1998-01-08,0,1.0664687
1998-01-09,0,1.2014251
1998-01-10,0,1.1499219
1998-01-11,0,1.6143461
1998-01-12,0,2.365518
1998-01-13,0,3.0132146
1998-01-14,0,2.8548646
1998-01-15,0,4.059425
1998-01-16,0,5.4907866
1998-01-17,0,7.148947
1998-01-18,0,9.56431
1998-01-19,0,9.97873
1998-01-20,0,8.910409
1998-01-21,0,7.056449
1998-01-22,0,5.6482944
1998-01-23,0,4.8072157
1998-01-24,0,3.8964763
1998-01-25,0,3.4872174
1998-01-26,0,3.4648674
1998-01-27,0,3.5825298
1998-01-28,0,3.3709755
1998-01-29,0,3.2298937
1998-01-30,0,3.2909393
1998-01-31,0,3.40033
1998-02-01,0,3.2031612
1998-02-02,0,3.451408
1998-02-03,0,4.674823
1998-02-04,0,6.2094717
1998-02-05,0,6.9382505
1998-02-06,0,7.6535044
1998-02-07,0,9.536801
1998-02-08,0,11.758084
1998-02-09,0,14.362049
1998-02-10,0,11.430834
1998-02-11,0,8.131542
1998-02-12,0,6.354478
1998-02-13,0,5.8987617
1998-02-14,0,6.092333
1998-02-15,0,5.9100823
1998-02-16,0,5.7803283
1998-02-17,0,5.537738
1998-02-18,0,5.2265596
1998-02-19,0,4.941334
1998-02-20,0,5.0202665
1998-02-21,0,5.163414
1998-02-22,0,5.719087
1998-02-23,0,6.6600056
1998-02-24,0,6.1370325
1998-02-25,0,5.815529
1998-02-26,0,5.2911243
1998-02-27,0,4.923682
1998-02-28,0,4.560719
1998-03-01,0,4.4658933
1998-03-02,0,4.518194
1998-03-03,0,4.1714478
1998-03-04,0,4.2274113
1998-03-05,0,4.3162127
1998-03-06,0,3.790151
1998-03-07,0,3.9442067
1998-03-08,0,3.8507164
1998-03-09,0,3.625437
1998-03-10,0,3.534007
1998-03-11,0,3.4622047
1998-03-12,0,3.8787696
1998-03-13,0,3.4136267
1998-03-14,0,3.4262838
1998-03-15,0,3.4703033
1998-03-16,0,3.4939294
1998-03-17,0,3.2285786
1998-03-18,0,3.2560453
1998-03-19,0,3.4142878
1998-03-20,0,3.3798423
1998-03-21,0,3.6160226
1998-03-22,0,3.7601514
1998-03-23,0,4.4513893
1998-03-24,0,6.2194242
1998-03-25,0,7.19398
1998-03-26,0,8.684435
1998-03-27,0,7.620384
1998-03-28,0,6.7804203
1998-03-29,0,6.3767366
1998-03-30,0,5.704942
1998-03-31,0,5.1703377
1998-04-01,0,4.8765483
1998-04-02,0,4.8457856
1998-04-03,0,5.09299
1998-04-04,0,5.660763
1998-04-05,0,5.4458094
1998-04-06,0,5.203543
1998-04-07,0,5.5889435
1998-04-08,0,5.651001
1998-04-09,0,5.583045
1998-04-10,0,5.208747
1998-04-11,0,5.0739155
1998-04-12,0,5.018243
1998-04-13,0,5.2909393
1998-04-14,0,5.9767427
1998-04-15,0,5.7556214
1998-04-16,0,5.100611
1998-04-17,0,4.6392126
1998-04-18,0,4.1982183
1998-04-19,0,4.0218983
1998-04-20,0,3.888697
1998-04-21,0,3.8013353
1998-04-22,0,3.8594446
1998-04-23,0,3.9338007
1998-04-24,0,4.488645
1998-04-25,0,4.185353
1998-04-26,0,4.3539486
1998-04-27,0,4.1963053
1998-04-28,0,3.936623
1998-04-29,0,3.7098155
1998-04-30,0,3.3329506
1998-05-01,0,3.533447
1998-05-02,0,3.5545006
1998-05-03,0,4.257693
1998-05-04,0,4.4451942
1998-05-05,0,4.363057
1998-05-06,0,4.2132673
1998-05-07,0,4.5484724
1998-05-08,0,3.9870672
1998-05-09,0,3.8573515
1998-05-10,0,3.7854733
1998-05-11,0,3.7883515
1998-05-12,0,3.198668
1998-05-13,0,3.3947067
1998-05-14,0,3.4787734
1998-05-15,0,3.5633945
1998-05-16,0,3.4699397
1998-05-17,0,3.9968047
1998-05-18,0,3.843976
1998-05-19,0,3.3622
1998-05-20,0,3.2856195
1998-05-21,0,3.5582554
1998-05-22,0,3.4873347
1998-05-23,0,3.5024395
1998-05-24,0,3.3853383
1998-05-25,0,3.7710035
1998-05-26,0,3.7411432
1998-05-27,0,3.983644
1998-05-28,0,4.4605827
1998-05-29,0,4.706454
1998-05-30,0,4.363677
1998-05-31,0,4.187437
1998-06-01,0,4.130885
1998-06-02,0,4.1297545
1998-06-03,0,4.3506527
1998-06-04,0,4.0997224
1998-06-05,0,3.5787911
1998-06-06,0,3.9474845
1998-06-07,0,4.7321815
1998-06-08,0,4.676885
1998-06-09,0,4.129363
1998-06-10,0,4.187934
1998-06-11,0,4.6815014
1998-06-12,0,6.1856604
1998-06-13,0,8.001992
1998-06-14,0,8.290191
1998-06-15,0,7.50517
1998-06-16,0,6.775918
1998-06-17,0,5.941489
1998-06-18,0,5.9680367
1998-06-19,0,5.720083
1998-06-20,0,5.695438
1998-06-21,0,5.6952972
1998-06-22,0,5.78245
1998-06-23,0,5.810661
1998-06-24,0,5.7323685
1998-06-25,0,5.564848
1998-06-26,0,5.2458897
1998-06-27,0,5.206624
1998-06-28,0,5.0612116
1998-06-29,0,4.7797565
1998-06-30,0,4.610774
1998-07-01,0,4.472541
1998-07-02,0,4.535845
1998-07-03,0,4.4537306
1998-07-04,0,4.228216
1998-07-05,0,4.058072
1998-07-06,0,3.9964597
1998-07-07,0,3.7404814
1998-07-08,0,3.7212167
1998-07-09,0,3.7615519
1998-07-10,0,3.8092356
1998-07-11,0,3.639961
1998-07-12,0,3.6185799
1998-07-13,0,3.5396485
1998-07-14,0,3.4605176
1998-07-15,0,3.2690768
1998-07-16,0,3.258779
1998-07-17,0,3.330758
1998-07-18,0,3.098704
1998-07-19,0,2.927369
1998-07-20,0,2.7128277
1998-07-21,0,2.540896
1998-07-22,0,2.3945653
1998-07-23,0,2.4002597
1998-07-24,0,2.3427532
1998-07-25,0,2.396456
1998-07-26,0,2.3504841
1998-07-27,0,2.306562
1998-07-28,0,2.3185534
1998-07-29,0,2.3127232
1998-07-30,0,2.3376808
1998-07-31,0,2.393006
1998-08-01,0,2.2970648
1998-08-02,0,2.2498236
1998-08-03,0,2.2176087
1998-08-04,0,2.1891127
1998-08-05,0,2.179862
1998-08-06,0,2.1391978
1998-08-07,0,2.1941564
1998-08-08,0,2.1706843
1998-08-09,0,2.1290488
1998-08-10,0,2.0953934
1998-08-11,0,2.0628333
1998-08-12,0,2.0477262
1998-08-13,0,2.015417
1998-08-14,0,2.0102816
1998-08-15,0,2.0262022
1998-08-16,0,2.022291
1998-08-17,0,2.0168986
1998-08-18,0,2.061109
1998-08-19,0,2.070207
1998-08-20,0,1.9878739
1998-08-21,0,1.9543871
1998-08-22,0,1.9451119
1998-08-23,0,1.9132203
1998-08-24,0,1.864909
1998-08-25,0,1.8128158
1998-08-26,0,1.81123
1998-08-27,0,1.7945747
1998-08-28,0,1.8350493
1998-08-29,0,1.8319801
1998-08-30,0,1.8345208
1998-08-31,0,1.8477279
1998-09-01,0,1.854078
1998-09-02,0,1.7882481
1998-09-03,0,1.7850913
1998-09-04,0,1.7976227
1998-09-05,0,1.8079922
1998-09-06,0,1.7397135
1998-09-07,0,1.6864383
1998-09-08,0,1.6672391
1998-09-09,0,1.6621828
1998-09-10,0,1.6087654
1998-09-11,0,1.5475659
1998-09-12,0,1.6362007
1998-09-13,0,1.6612252
1998-09-14,0,1.6532049
1998-09-15,0,1.6382028
1998-09-16,0,1.5821241
1998-09-17,0,1.4956071
1998-09-18,0,1.5556875
1998-09-19,0,1.5293491
1998-09-20,0,1.4257141
1998-09-21,0,1.428463
1998-09-22,0,1.4201443
1998-09-23,0,1.4379287
1998-09-24,0,1.4443582
1998-09-25,0,1.4078641
1998-09-26,0,1.3189442
1998-09-27,0,1.4216816
1998-09-28,0,1.3822262
1998-09-29,0,1.370217
1998-09-30,0,1.405199
1998-10-01,0,1.3892899
1998-10-02,0,1.2549219
1998-10-03,0,1.2747537
1998-10-04,0,1.4711137
1998-10-05,0,1.4637225
1998-10-06,0,1.3829806
1998-10-07,0,1.2910442
1998-10-08,0,1.3395705
1998-10-09,0,1.2226652
1998-10-10,0,1.3284328
1998-10-11,0,1.2508467
1998-10-12,0,1.238352
1998-10-13,0,1.3670406
1998-10-14,0,1.2991779
1998-10-15,0,1.3419985
1998-10-16,0,1.28983
1998-10-17,0,1.3932024
1998-10-18,0,1.2754939
1998-10-19,0,1.263164
1998-10-20,0,1.2144203
1998-10-21,0,1.1686866
1998-10-22,0,1.1164665
1998-10-23,0,1.0489951
1998-10-24,0,1.1582555
1998-10-25,0,1.5157313
1998-10-26,0,1.2967908
1998-10-27,0,1.179605
1998-10-28,0,1.2652229
1998-10-29,0,1.2151732
1998-10-30,0,1.3058069
1998-10-31,0,1.2162602
1998-11-01,0,1.2901671
1998-11-02,0,1.2105666
1998-11-03,0,1.1893032
1998-11-04,0,1.116863
1998-11-05,0,1.1119214
1998-11-06,0,1.0745535
1998-11-07,0,1.1248146
1998-11-08,0,1.142586
1998-11-09,0,1.0664207
1998-11-10,0,1.3013611
1998-11-11,0,0.91855514
1998-11-12,0,1.1791008
1998-11-13,0,1.1067843
1998-11-14,0,1.1444492
1998-11-15,0,1.1513941
1998-11-16,0,1.2591859
1998-11-17,0,1.0599694
1998-11-18,0,1.0955305
1998-11-19,0,1.1815825
1998-11-20,0,1.1550467
1998-11-21,0,1.0632548
1998-11-22,0,1.0376277
1998-11-23,0,1.2131237
1998-11-24,0,1.2343686
1998-11-25,0,1.4860163
1998-11-26,0,1.4943569
1998-11-27,0,1.4043471
1998-11-28,0,1.4483681
1998-11-29,0,1.6927264
1998-11-30,0,1.9810665
1998-12-01,0,2.3709972
1998-12-02,0,2.742996
1998-12-03,0,2.7170503
1998-12-04,0,2.9755712
1998-12-05,0,2.923797
1998-12-06,0,2.1751502
1998-12-07,0,1.7041118
1998-12-08,0,1.5064765
1998-12-09,0,1.4208424
1998-12-10,0,1.2360187
1998-12-11,0,1.3095361
1998-12-12,0,1.3248594
1998-12-13,0,1.0943766
1998-12-14,0,1.0617974
1998-12-15,0,1.2804618
1998-12-16,0,1.3808515
1998-12-17,0,1.3574002
1998-12-18,0,1.4804704
1998-12-19,0,1.4547436
1998-12-20,0,1.3042988
1998-12-21,0,1.2937639
1998-12-22,0,1.2189122
1998-12-23,0,1.2490358
1998-12-24,0,1.3572763
1998-12-25,0,1.2915668
1998-12-26,0,1.2705567
1998-12-27,0,1.3404863
1998-12-28,0,1.3339591
1998-12-29,0,1.3236412
1998-12-30,0,1.334476
1998-12-31,0,1.2151608
1999-01-01,0,1.3697329
1999-01-02,0,1.3355417
1999-01-03,0,1.2872496
1999-01-04,0,1.2659993
1999-01-05,0,1.2879481
1999-01-06,0,1.2409215
1999-01-07,0,1.2217807
1999-01-08,0,1.2089772
1999-01-09,0,1.1066239
1999-01-10,0,1.1667229
1999-01-11,0,1.1144373
1999-01-12,0,1.1180875
1999-01-13,0,1.0436597
1999-01-14,0,0.92439413
1999-01-15,0,1.1844966
1999-01-16,0,1.5221725
1999-01-17,0,1.8485856
1999-01-18,0,2.2261927
1999-01-19,0,3.5629518
1999-01-20,0,11.179092
1999-01-21,0,19.248487
1999-01-22,0,15.966907
1999-01-23,0,13.113457
1999-01-24,0,11.212859
1999-01-25,0,8.523899
1999-01-26,0,5.973747
1999-01-27,0,4.5565243
1999-01-28,0,4.166669
1999-01-29,0,3.7925115
1999-01-30,0,3.3111758
1999-01-31,0,3.3371868
1999-02-01,0,2.8193376
1999-02-02,0,2.4838688
1999-02-03,0,2.763637
1999-02-04,0,2.6201434
1999-02-05,0,2.7153716
1999-02-06,0,2.6023452
1999-02-07,0,4.3812923
1999-02-08,0,8.173367
1999-02-09,0,14.675392
1999-02-10,0,14.21706
1999-02-11,0,8.728133
1999-02-12,0,5.2728987
1999-02-13,0,4.453393
1999-02-14,0,4.1277714
1999-02-15,0,4.0962343
1999-02-16,0,4.2952023
1999-02-17,0,5.8506374
1999-02-18,0,6.7021017
1999-02-19,0,5.923919
1999-02-20,0,5.8007255
1999-02-21,0,4.804377
1999-02-22,0,4.1350102
1999-02-23,0,4.0340066
1999-02-24,0,4.3376627
1999-02-25,0,3.989448
1999-02-26,0,3.9323652
1999-02-27,0,3.8670125
1999-02-28,0,3.9378445
1999-03-01,0,4.2097383
1999-03-02,0,4.4133086
1999-03-03,0,3.8119116
1999-03-04,0,3.8500662
1999-03-05,0,3.8837929
1999-03-06,0,3.7990422
1999-03-07,0,3.6184525
1999-03-08,0,2.9569569
1999-03-09,0,3.3569732
1999-03-10,0,3.4941711
1999-03-11,0,3.4751186
1999-03-12,0,3.3065383
1999-03-13,0,3.4190526
1999-03-14,0,3.2617717
1999-03-15,0,3.1980777
1999-03-16,0,3.1530182
1999-03-17,0,3.1454935
1999-03-18,0,3.322177
1999-03-19,0,3.3035269
1999-03-20,0,3.1746187
1999-03-21,0,3.4478102
1999-03-22,0,3.4461153
1999-03-23,0,3.11874
1999-03-24,0,3.283328
1999-03-25,0,3.2663379
1999-03-26,0,3.0253603
1999-03-27,0,2.750201
1999-03-28,0,2.76798
1999-03-29,0,2.664339
1999-03-30,0,2.3342652
1999-03-31,0,2.3004885
1999-04-01,0,2.6729596
1999-04-02,0,2.830565
1999-04-03,0,2.805058
1999-04-04,0,2.6987796
1999-04-05,0,2.6254132
1999-04-06,0,2.6304538
1999-04-07,0,2.8104377
1999-04-08,0,2.3725867
1999-04-09,0,1.9570216
1999-04-10,0,2.4968896
1999-04-11,0,2.9658146
1999-04-12,0,2.7232168
1999-04-13,0,2.7409694
1999-04-14,0,2.474054
1999-04-15,0,2.5387053
1999-04-16,0,2.7922115
1999-04-17,0,2.8340645
1999-04-18,0,2.8803563
1999-04-19,0,3.0257838
1999-04-20,0,3.1646953
1999-04-21,0,3.067863
1999-04-22,0,2.810552
1999-04-23,0,2.9130788
1999-04-24,0,2.9975483
1999-04-25,0,2.813627
1999-04-26,0,3.0160646
1999-04-27,0,2.8155239
1999-04-28,0,2.9902074
1999-04-29,0,3.098138
1999-04-30,0,3.037527
1999-05-01,0,2.8329315
1999-05-02,0,2.7689896
1999-05-03,0,2.5560126
1999-05-04,0,2.3402007
1999-05-05,0,2.3695202
1999-05-06,0,2.4112678
1999-05-07,0,2.3853626
1999-05-08,0,2.4540079
1999-05-09,0,2.5063348
1999-05-10,0,2.3508475
1999-05-11,0,2.3006802
1999-05-12,0,2.3855495
1999-05-13,0,2.3840015
1999-05-14,0,2.446682
1999-05-15,0,2.3252096
1999-05-16,0,2.2383285
1999-05-17,0,2.1076846
1999-05-18,0,2.1131554
1999-05-19,0,2.1223955
1999-05-20,0,2.0956888
1999-05-21,0,2.2038903
1999-05-22,0,2.163695
1999-05-23,0,2.0286767
1999-05-24,0,2.356736
1999-05-25,0,2.4974878
1999-05-26,0,2.462124
1999-05-27,0,2.4870856
1999-05-28,0,2.2888045
1999-05-29,0,2.4968517
1999-05-30,0,2.6683211
1999-05-31,0,2.6740062
1999-06-01,0,2.4234195
1999-06-02,0,2.889579
1999-06-03,0,3.0726745
1999-06-04,0,2.7668622
1999-06-05,0,2.5237522
1999-06-06,0,2.2521012
1999-06-07,0,2.178472
1999-06-08,0,2.1111827
1999-06-09,0,1.9516498
1999-06-10,0,1.8744345
1999-06-11,0,1.7162112
1999-06-12,0,1.7288272
1999-06-13,0,1.6978778
1999-06-14,0,1.6515952
1999-06-15,0,1.5945892
1999-06-16,0,1.622471
1999-06-17,0,1.6152139
1999-06-18,0,1.5477793
1999-06-19,0,1.4975002
1999-06-20,0,1.4987044
1999-06-21,0,1.4795567
1999-06-22,0,1.5760585
1999-06-23,0,1.6243997
1999-06-24,0,1.5103562
1999-06-25,0,1.5372674
1999-06-26,0,1.5316937
1999-06-27,0,1.5823884
1999-06-28,0,1.6271746
1999-06-29,0,1.6313035
1999-06-30,0,1.6543081
1999-07-01,0,1.6007524
1999-07-02,0,1.5362661
1999-07-03,0,1.2766534
1999-07-04,0,1.5944501
1999-07-05,0,1.574089
1999-07-06,0,1.5334203
1999-07-07,0,1.569367
1999-07-08,0,1.5336324
1999-07-09,0,1.3840088
1999-07-10,0,1.4532702
1999-07-11,0,1.4275553
1999-07-12,0,1.4445014
1999-07-13,0,1.5429704
1999-07-14,0,1.5599973
1999-07-15,0,1.4895806
1999-07-16,0,1.4054803
1999-07-17,0,1.3450229
1999-07-18,0,1.3521087
1999-07-19,0,1.3620889
1999-07-20,0,1.3617558
1999-07-21,0,1.31163
1999-07-22,0,1.3435571
1999-07-23,0,1.3657655
1999-07-24,0,1.267338
1999-07-25,0,1.405782
1999-07-26,0,1.4400713
1999-07-27,0,1.4266903
1999-07-28,0,1.4406099
1999-07-29,0,1.3321261
1999-07-30,0,1.4121525
1999-07-31,0,1.4583126
1999-08-01,0,1.4132779
1999-08-02,0,1.403867
1999-08-03,0,1.4109251
1999-08-04,0,1.4197693
1999-08-05,0,1.3428049
1999-08-06,0,1.2968204
1999-08-07,0,1.3629222
1999-08-08,0,1.3571897
1999-08-09,0,1.4017677
1999-08-10,0,1.3769302
1999-08-11,0,1.420952
1999-08-12,0,1.3933355
1999-08-13,0,1.2936816
1999-08-14,0,1.2169986
1999-08-15,0,1.2941606
1999-08-16,0,1.3558309
1999-08-17,0,1.3391178
1999-08-18,0,1.347162
1999-08-19,0,1.3434429
1999-08-20,0,1.332668
1999-08-21,0,1.3474126
1999-08-22,0,1.3389254
1999-08-23,0,1.3622242
1999-08-24,0,1.387596
1999-08-25,0,1.3993757
1999-08-26,0,1.2578506
1999-08-27,0,1.4509257
1999-08-28,0,1.4614125
1999-08-29,0,1.3991319
1999-08-30,0,1.2198865
1999-08-31,0,1.1740174
1999-09-01,0,1.0539334
1999-09-02,0,1.1454548
1999-09-03,0,1.2745731
1999-09-04,0,1.1897842
1999-09-05,0,1.240413
1999-09-06,0,1.197721
1999-09-07,0,1.1570959
1999-09-08,0,1.07721
1999-09-09,0,1.0904951
1999-09-10,0,1.1705841
1999-09-11,0,1.1199846
1999-09-12,0,1.0940073
1999-09-13,0,1.0596437
1999-09-14,0,1.0851632
1999-09-15,0,1.0727435
1999-09-16,0,1.0487211
1999-09-17,0,1.052952
1999-09-18,0,1.1032557
1999-09-19,0,1.1335075
1999-09-20,0,1.050855
1999-09-21,0,0.9793402
1999-09-22,0,1.0292271
1999-09-23,0,1.1187782
1999-09-24,0,1.0632788
1999-09-25,0,1.0260999
1999-09-26,0,1.0397809
1999-09-27,0,1.0826166
1999-09-28,0,1.0527105
1999-09-29,0,1.0026467
1999-09-30,0,0.93873334
1999-10-01,0,0.965155
1999-10-02,0,0.9494808
1999-10-03,0,0.9344038
1999-10-04,0,0.8093251
1999-10-05,0,0.75013256
1999-10-06,0,0.77597034
1999-10-07,0,0.9760177
1999-10-08,0,0.8866184
1999-10-09,0,0.8377336
1999-10-10,0,0.8102046
1999-10-11,0,0.8594413
1999-10-12,0,0.5757147
1999-10-13,0,0.54332864
1999-10-14,0,0.812976
1999-10-15,0,0.9174088
1999-10-16,0,0.9488841
1999-10-17,0,0.86745584
1999-10-18,0,0.78910863
1999-10-19,0,0.7104633
1999-10-20,0,0.62987983
1999-10-21,0,0.7012749
1999-10-22,0,0.7307309
1999-10-23,0,0.66911924
1999-10-24,0,0.53093183
1999-10-25,0,0.47242534
1999-10-26,0,0.6646378
1999-10-27,0,0.8149655
1999-10-28,0,0.5137149
1999-10-29,0,1.0194696
1999-10-30,0,0.8456347
1999-10-31,0,0.8909631
1999-11-01,0,0.95160186
1999-11-02,0,0.8368242
1999-11-03,0,0.78786826
1999-11-04,0,0.82983375
1999-11-05,0,0.7848631
1999-11-06,0,0.75216115
1999-11-07,0,0.7493385
1999-11-08,0,0.7363967
1999-11-09,0,0.7847986
1999-11-10,0,0.8918297
1999-11-11,0,0.8662405
1999-11-12,0,0.9200642
1999-11-13,0,0.94711363
1999-11-14,0,0.92502356
1999-11-15,0,0.9498824
1999-11-16,0,0.8812444
1999-11-17,0,0.8845898
1999-11-18,0,1.0804411
1999-11-19,0,1.0120836
1999-11-20,0,0.96794677
1999-11-21,0,0.98752713
1999-11-22,0,1.2444264
1999-11-23,0,1.1139321
1999-11-24,0,1.0755607
1999-11-25,0,0.96127427
1999-11-26,0,1.0138918
1999-11-27,0,1.0155855
1999-11-28,0,1.0302782
1999-11-29,0,1.0315038
1999-11-30,0,0.8775004
1999-12-01,0,1.0239935
1999-12-02,0,1.1486061
1999-12-03,0,1.4106381
1999-12-04,0,1.2738259
1999-12-05,0,1.2220852
1999-12-06,0,1.2504086
1999-12-07,0,1.1608639
1999-12-08,0,1.347677
1999-12-09,0,1.3409865
1999-12-10,0,1.3328435
1999-12-11,0,1.3019197
1999-12-12,0,1.1770122
1999-12-13,0,0.9368131
1999-12-14,0,1.1931906
1999-12-15,0,1.092468
1999-12-16,0,1.055371
1999-12-17,0,1.0772266
1999-12-18,0,0.99012065
1999-12-19,0,1.1766576
1999-12-20,0,1.167314
1999-12-21,0,1.1643254
1999-12-22,0,1.1174922
1999-12-23,0,1.0994198
1999-12-24,0,1.0406804
1999-12-25,0,1.1125786
1999-12-26,0,1.1236463
1999-12-27,0,1.0996032
1999-12-28,0,1.040899
1999-12-29,0,1.0307348
1999-12-30,0,1.0789757
1999-12-31,0,1.098903
2000-01-01,0,1.1121774
2000-01-02,0,1.0813236
2000-01-03,0,1.1098943
2000-01-04,0,1.013307
2000-01-05,0,1.1777272
2000-01-06,0,1.0837479
2000-01-07,0,0.97624433
2000-01-08,0,0.9962429
2000-01-09,0,1.0561128
2000-01-10,0,1.0720916
2000-01-11,0,0.9908763
2000-01-12,0,1.1009014
2000-01-13,0,1.1160513
2000-01-14,0,1.2011082
2000-01-15,0,1.2128234
2000-01-16,0,0.8841698
2000-01-17,0,1.2415199
2000-01-18,0,1.0498185
2000-01-19,0,1.4027725
2000-01-20,0,1.6273257
2000-01-21,0,1.2128596
2000-01-22,0,1.3115218
2000-01-23,0,1.6626964
2000-01-24,0,2.7022743
2000-01-25,0,6.690668
2000-01-26,0,7.408311
2000-01-27,0,6.4440336
2000-01-28,0,5.281866
2000-01-29,0,4.138543
2000-01-30,0,3.3092523
2000-01-31,0,3.1220398
2000-02-01,0,3.2987537
2000-02-02,0,2.9730635
2000-02-03,0,2.9601455
2000-02-04,0,2.7469022
2000-02-05,0,2.624344
2000-02-06,0,2.694693
2000-02-07,0,2.5264254
2000-02-08,0,2.1777716
2000-02-09,0,2.1428273
2000-02-10,0,2.3990698
2000-02-11,0,2.7343855
2000-02-12,0,3.0246446
2000-02-13,0,4.4809484
2000-02-14,0,6.89604
2000-02-15,0,9.418455
2000-02-16,0,9.727525
2000-02-17,0,9.954918
2000-02-18,0,9.734848
2000-02-19,0,8.7419615
2000-02-20,0,7.076578
2000-02-21,0,4.63815
2000-02-22,0,3.6643047
2000-02-23,0,4.676589
2000-02-24,0,4.791522
2000-02-25,0,4.5262604
2000-02-26,0,3.9853554
2000-02-27,0,5.95761
2000-02-28,0,7.7352076
2000-02-29,0,7.5837374
2000-03-01,0,6.983198
2000-03-02,0,5.3895607
2000-03-03,0,5.011192
2000-03-04,0,4.028386
2000-03-05,0,3.7713094
2000-03-06,0,3.480393
2000-03-07,0,3.6760776
2000-03-08,0,3.5518599
2000-03-09,0,4.0106554
2000-03-10,0,4.23275
2000-03-11,0,4.0644608
2000-03-12,0,4.000315
2000-03-13,0,3.6382065
2000-03-14,0,3.365781
2000-03-15,0,3.1701107
2000-03-16,0,3.4630208
2000-03-17,0,3.046367
2000-03-18,0,3.2112632
2000-03-19,0,2.9978774
2000-03-20,0,2.8809974
2000-03-21,0,3.2180312
2000-03-22,0,3.3660283
2000-03-23,0,2.9228735
2000-03-24,0,2.7967303
2000-03-25,0,2.8611717
2000-03-26,0,2.918285
2000-03-27,0,2.9114938
2000-03-28,0,2.9155717
2000-03-29,0,2.8700836
2000-03-30,0,3.0104904
2000-03-31,0,2.5099807
2000-04-01,0,3.231245
2000-04-02,0,3.6776242
2000-04-03,0,3.2862053
2000-04-04,0,3.2160478
2000-04-05,0,3.2298536
2000-04-06,0,3.1952486
2000-04-07,0,3.2185318
2000-04-08,0,3.2945397
2000-04-09,0,3.1469524
2000-04-10,0,3.312273
2000-04-11,0,3.5320852
2000-04-12,0,3.6065931
2000-04-13,0,4.4038286
2000-04-14,0,4.4089823
2000-04-15,0,3.83581
2000-04-16,0,3.3175967
2000-04-17,0,2.9543512
2000-04-18,0,3.6573422
2000-04-19,0,4.064355
2000-04-20,0,4.1203117
2000-04-21,0,3.9857507
2000-04-22,0,3.731503
2000-04-23,0,3.6751032
2000-04-24,0,3.675039
2000-04-25,0,3.6100721
2000-04-26,0,3.6668715
2000-04-27,0,3.43477
2000-04-28,0,3.4163795
2000-04-29,0,3.0745091
2000-04-30,0,3.0064328
2000-05-01,0,2.9372034
2000-05-02,0,2.8323908
2000-05-03,0,2.7533255
2000-05-04,0,2.655603
2000-05-05,0,2.445777
2000-05-06,0,2.3429294
2000-05-07,0,2.4562557
2000-05-08,0,2.4778633
2000-05-09,0,2.3874233
2000-05-10,0,2.4606473
2000-05-11,0,2.4205127
2000-05-12,0,2.3246613
2000-05-13,0,2.221299
2000-05-14,0,2.1681406
2000-05-15,0,2.2106802
2000-05-16,0,2.2044778
2000-05-17,0,2.1481798
2000-05-18,0,2.1792257
2000-05-19,0,2.241583
2000-05-20,0,2.4166315
2000-05-21,0,2.6842294
2000-05-22,0,3.0314739
2000-05-23,0,3.574662
2000-05-24,0,4.0079103
2000-05-25,0,4.0475054
2000-05-26,0,3.7925868
2000-05-27,0,3.748671
2000-05-28,0,3.599879
2000-05-29,0,3.3281393
2000-05-30,0,3.0138657
2000-05-31,0,2.69355
2000-06-01,0,2.5335374
2000-06-02,0,2.3790936
2000-06-03,0,2.146
2000-06-04,0,2.127489
2000-06-05,0,2.0378473
2000-06-06,0,2.0112169
2000-06-07,0,2.0773895
2000-06-08,0,1.7801235
2000-06-09,0,1.7940756
2000-06-10,0,1.816565
2000-06-11,0,1.8270669
2000-06-12,0,1.837099
2000-06-13,0,1.5921116
2000-06-14,0,1.6322513
2000-06-15,0,1.6354606
2000-06-16,0,1.6404223
2000-06-17,0,1.7271636
2000-06-18,0,1.6218008
2000-06-19,0,1.7212309
2000-06-20,0,1.7043877
2000-06-21,0,1.7010407
2000-06-22,0,1.6750584
2000-06-23,0,1.665119
2000-06-24,0,1.6678613
2000-06-25,0,1.6508586
2000-06-26,0,1.7174032
2000-06-27,0,1.7403463
2000-06-28,0,1.7493244
2000-06-29,0,1.7485083
2000-06-30,0,1.6589991
2000-07-01,0,1.580951
2000-07-02,0,1.5660112
2000-07-03,0,1.5683293
2000-07-04,0,1.5683239
2000-07-05,0,1.5695899
2000-07-06,0,1.5456182
2000-07-07,0,1.5489757
2000-07-08,0,1.5804881
2000-07-09,0,1.623679
2000-07-10,0,1.6356235
2000-07-11,0,1.6491426
2000-07-12,0,1.6818635
2000-07-13,0,1.6750882
2000-07-14,0,1.6476867
2000-07-15,0,1.6452082
2000-07-16,0,1.5965543
2000-07-17,0,1.6191232
2000-07-18,0,1.6017008
2000-07-19,0,1.6058393
2000-07-20,0,1.6603724
2000-07-21,0,1.6173894
2000-07-22,0,1.5975827
2000-07-23,0,1.5682442
2000-07-24,0,1.5622598
2000-07-25,0,1.6063095
2000-07-26,0,1.570348
2000-07-27,0,1.5433453
2000-07-28,0,1.5743539
2000-07-29,0,1.6060596
2000-07-30,0,1.6380842
2000-07-31,0,1.6712645
2000-08-01,0,1.6891067
2000-08-02,0,1.6700959
2000-08-03,0,1.6627784
2000-08-04,0,1.6818419
2000-08-05,0,1.6798184
2000-08-06,0,1.6622933
2000-08-07,0,1.6188961
2000-08-08,0,1.5879123
2000-08-09,0,1.585849
2000-08-10,0,1.5552437
2000-08-11,0,1.5273943
2000-08-12,0,1.5299144
2000-08-13,0,1.4885287
2000-08-14,0,1.4874055
2000-08-15,0,1.4620496
2000-08-16,0,1.3930769
2000-08-17,0,1.4449325
2000-08-18,0,1.3502994
2000-08-19,0,1.2456335
2000-08-20,0,1.3101933
2000-08-21,0,1.4131024
2000-08-22,0,1.4419663
2000-08-23,0,1.4465178
2000-08-24,0,1.3598349
2000-08-25,0,1.4124274
2000-08-26,0,1.4231348
2000-08-27,0,1.4442471
2000-08-28,0,1.4526982
2000-08-29,0,1.2933546
2000-08-30,0,1.2523081
2000-08-31,0,1.2654009
2000-09-01,0,1.2275124
2000-09-02,0,1.28807
2000-09-03,0,1.1055932
2000-09-04,0,1.126691
2000-09-05,0,1.3586111
2000-09-06,0,1.2864687
2000-09-07,0,1.227958
2000-09-08,0,1.1160476
2000-09-09,0,1.1201369
2000-09-10,0,1.1878835
2000-09-11,0,1.2388399
2000-09-12,0,1.23773
2000-09-13,0,1.261359
2000-09-14,0,1.3935885
2000-09-15,0,1.2547073
2000-09-16,0,1.2381008
2000-09-17,0,1.27876
2000-09-18,0,1.3040469
2000-09-19,0,1.3185227
2000-09-20,0,1.2933805
2000-09-21,0,1.1252389
2000-09-22,0,1.1984079
2000-09-23,0,1.2608167
2000-09-24,0,1.1987863
2000-09-25,0,1.2407393
2000-09-26,0,1.2257123
2000-09-27,0,1.2227006
2000-09-28,0,1.2725854
2000-09-29,0,1.2685709
2000-09-30,0,1.2249858
2000-10-01,0,1.2411381
2000-10-02,0,1.1313044
2000-10-03,0,1.2018919
2000-10-04,0,1.135958
2000-10-05,0,1.0686805
2000-10-06,0,0.9967904
2000-10-07,0,0.9776813
2000-10-08,0,0.94868493
2000-10-09,0,0.8979645
2000-10-10,0,1.0029827
2000-10-11,0,0.95291424
2000-10-12,0,0.8909315
2000-10-13,0,0.8880508
2000-10-14,0,0.9559908
2000-10-15,0,0.9138999
2000-10-16,0,0.87963986
2000-10-17,0,0.8827851
2000-10-18,0,0.9368527
2000-10-19,0,0.8936403
2000-10-20,0,0.90756154
2000-10-21,0,1.0408758
2000-10-22,0,1.1264071
2000-10-23,0,1.063375
2000-10-24,0,1.0312694
2000-10-25,0,1.0082085
2000-10-26,0,1.2103094
2000-10-27,0,1.0460925
2000-10-28,0,1.2853053
2000-10-29,0,1.1568208
2000-10-30,0,1.1099595
2000-10-31,0,1.192524
2000-11-01,0,1.1696341
2000-11-02,0,1.138438
2000-11-03,0,1.2261982
2000-11-04,0,1.1727301
2000-11-05,0,1.1333721
2000-11-06,0,1.221358
2000-11-07,0,1.2728258
2000-11-08,0,1.2318769
2000-11-09,0,1.187645
2000-11-10,0,1.2738693
2000-11-11,0,1.2623978
2000-11-12,0,1.2563337
2000-11-13,0,1.219866
2000-11-14,0,1.2151759
2000-11-15,0,1.1989675
2000-11-16,0,1.2260741
2000-11-17,0,1.159689
2000-11-18,0,1.0281255
2000-11-19,0,1.000697
2000-11-20,0,1.0555651
2000-11-21,0,1.1045842
2000-11-22,0,1.0065075
2000-11-23,0,1.0314707
2000-11-24,0,0.8926475
2000-11-25,0,0.9711089
2000-11-26,0,0.9059403
2000-11-27,0,1.0045422
2000-11-28,0,0.88909495
2000-11-29,0,0.855088
2000-11-30,0,1.0234097
2000-12-01,0,1.0733318
2000-12-02,0,1.0397472
2000-12-03,0,1.0277706
2000-12-04,0,1.0521142
2000-12-05,0,1.008263
2000-12-06,0,0.99731624
2000-12-07,0,1.0307709
2000-12-08,0,0.9887011
2000-12-09,0,1.0297472
2000-12-10,0,0.9732802
2000-12-11,0,1.012187
2000-12-12,0,0.8753059
2000-12-13,0,0.99707246
2000-12-14,0,0.9851121
2000-12-15,0,0.8346033
2000-12-16,0,1.0959265
2000-12-17,0,1.0273356
2000-12-18,0,1.1311579
2000-12-19,0,1.0059052
2000-12-20,0,1.110236
2000-12-21,0,1.1135705
2000-12-22,0,1.1390307
2000-12-23,0,1.1613846
2000-12-24,0,1.0864251
2000-12-25,0,1.2580416
2000-12-26,0,1.0574749
2000-12-27,0,1.0243785
2000-12-28,0,1.0617425
2000-12-29,0,1.0490631
2000-12-30,0,1.0987717
2000-12-31,0,1.0826733
2001-01-01,0,0.9890511
2001-01-02,0,1.0088826
2001-01-03,0,1.0200937
2001-01-04,0,1.0084399
2001-01-05,0,1.0252144
2001-01-06,0,1.0224015
2001-01-07,0,1.2369357
2001-01-08,0,1.203985
2001-01-09,0,1.2648265
2001-01-10,0,1.270463
2001-01-11,0,1.442377
2001-01-12,0,1.2380012
2001-01-13,0,1.2118753
2001-01-14,0,0.97425437
2001-01-15,0,1.3123953
2001-01-16,0,1.2896774
2001-01-17,0,1.1524116
2001-01-18,0,1.0447755
2001-01-19,0,0.8947983
2001-01-20,0,1.0211653
2001-01-21,0,0.98343
2001-01-22,0,0.9065411
2001-01-23,0,0.75019825
2001-01-24,0,0.8605
2001-01-25,0,0.85533285
2001-01-26,0,1.1116581
2001-01-27,0,1.2037915
2001-01-28,0,1.097331
2001-01-29,0,0.79019964
2001-01-30,0,1.1056921
2001-01-31,0,1.088031
2001-02-01,0,0.85095906
2001-02-02,0,0.81517255
2001-02-03,0,0.7111112
2001-02-04,0,0.752614
2001-02-05,0,0.6233964
2001-02-06,0,0.6860281
2001-02-07,0,1.0419307
2001-02-08,0,1.0766759
2001-02-09,0,1.1778167
2001-02-10,0,1.2462817
2001-02-11,0,1.1496854
2001-02-12,0,1.215403
2001-02-13,0,1.2252171
2001-02-14,0,1.0436484
2001-02-15,0,1.053185
2001-02-16,0,1.1581986
2001-02-17,0,1.2082647
2001-02-18,0,1.1474402
2001-02-19,0,1.172556
2001-02-20,0,1.091311
2001-02-21,0,0.96339
2001-02-22,0,1.0049961
2001-02-23,0,1.1153903
2001-02-24,0,1.31569
2001-02-25,0,1.1374044
2001-02-26,0,1.2504187
2001-02-27,0,1.1438627
2001-02-28,0,1.2110937
2001-03-01,0,0.9923296
2001-03-02,0,1.2792674
2001-03-03,0,1.3573332
2001-03-04,0,1.506013
2001-03-05,0,1.2937999
2001-03-06,0,1.1923032
2001-03-07,0,0.9662279
2001-03-08,0,1.1960738
2001-03-09,0,1.0272081
2001-03-10,0,1.2601498
2001-03-11,0,1.0019763
2001-03-12,0,0.98347735
2001-03-13,0,0.95887554
2001-03-14,0,0.9657463
2001-03-15,0,1.0515554
2001-03-16,0,1.0273882
2001-03-17,0,0.8419405
2001-03-18,0,0.8982998
2001-03-19,0,0.83916533
2001-03-20,0,0.92422724
2001-03-21,0,0.86054134
2001-03-22,0,0.8544439
2001-03-23,0,0.77620447
2001-03-24,0,0.86645126
2001-03-25,0,0.7781997
2001-03-26,0,0.9361626
2001-03-27,0,0.74128294
2001-03-28,0,0.7431283
2001-03-29,0,0.7229222
2001-03-30,0,0.68461084
2001-03-31,0,0.7368444
2001-04-01,0,0.7300601
2001-04-02,0,0.71993566
2001-04-03,0,0.4678917
2001-04-04,0,0.47905004
2001-04-05,0,0.6220112
2001-04-06,0,0.27837563
2001-04-07,0,0.6326965
2001-04-08,0,0.9458481
2001-04-09,0,0.7011243
2001-04-10,0,0.6615902
2001-04-11,0,0.74472165
2001-04-12,0,0.8931612
2001-04-13,0,0.81103337
2001-04-14,0,0.65670705
2001-04-15,0,0.7113241
2001-04-16,0,0.76066804
2001-04-17,0,0.797591
2001-04-18,0,0.7901366
2001-04-19,0,0.9006771
2001-04-20,0,1.1974971
2001-04-21,0,0.98899055
2001-04-22,0,0.8335445
2001-04-23,0,0.62350976
2001-04-24,0,0.756606
2001-04-25,0,0.7716992
2001-04-26,0,0.7921618
2001-04-27,0,0.79383767
2001-04-28,0,0.76978695
2001-04-29,0,0.83901453
2001-04-30,0,0.7982887
2001-05-01,0,0.691862
2001-05-02,0,0.6329936
2001-05-03,0,0.53768146
2001-05-04,0,0.61931825
2001-05-05,0,0.57247627
2001-05-06,0,0.5852159
2001-05-07,0,0.68274045
2001-05-08,0,0.81634796
2001-05-09,0,0.7983185
2001-05-10,0,0.7319119
2001-05-11,0,0.8246479
2001-05-12,0,0.92259526
2001-05-13,0,0.92466104
2001-05-14,0,0.8162507
2001-05-15,0,1.0365868
2001-05-16,0,1.2609227
2001-05-17,0,1.1460276
2001-05-18,0,1.1537023
2001-05-19,0,1.1013167
2001-05-20,0,1.1079865
2001-05-21,0,1.1061978
2001-05-22,0,1.243159
2001-05-23,0,1.3490163
2001-05-24,0,1.3107796
2001-05-25,0,1.2628331
2001-05-26,0,1.1773839
2001-05-27,0,1.0555067
2001-05-28,0,1.1530874
2001-05-29,0,1.180876
2001-05-30,0,1.216382
2001-05-31,0,1.2362225
2001-06-01,0,1.3080622
2001-06-02,0,1.1368377
2001-06-03,0,1.119303
2001-06-04,0,0.9470117
2001-06-05,0,0.96360826
2001-06-06,0,1.0760075
2001-06-07,0,1.1401953
2001-06-08,0,1.1443174
2001-06-09,0,1.0486279
2001-06-10,0,0.9695947
2001-06-11,0,1.0932925
2001-06-12,0,1.1087891
2001-06-13,0,0.9263098
2001-06-14,0,0.9191289
2001-06-15,0,1.0862873
2001-06-16,0,1.1559215
2001-06-17,0,1.1608055
2001-06-18,0,1.0555515
2001-06-19,0,1.1341841
2001-06-20,0,1.1503954
2001-06-21,0,1.1461551
2001-06-22,0,1.271485
2001-06-23,0,1.1776929
2001-06-24,0,1.0004827
2001-06-25,0,1.0474284
2001-06-26,0,1.0851829
2001-06-27,0,1.0938883
2001-06-28,0,1.0836451
2001-06-29,0,1.088104
2001-06-30,0,1.1423846
2001-07-01,0,1.1188397
2001-07-02,0,1.1871805
2001-07-03,0,1.2628027
2001-07-04,0,1.2800025
2001-07-05,0,1.3543787
2001-07-06,0,1.2769669
2001-07-07,0,1.1935135
2001-07-08,0,1.2479773
2001-07-09,0,1.2874289
2001-07-10,0,1.2835205
2001-07-11,0,1.2477062
2001-07-12,0,1.1701756
2001-07-13,0,1.1379689
2001-07-14,0,1.1329793
2001-07-15,0,1.1006942
2001-07-16,0,1.0491714
2001-07-17,0,1.0881071
2001-07-18,0,1.139252
2001-07-19,0,1.1330352
2001-07-20,0,1.0451432
2001-07-21,0,0.9804176
2001-07-22,0,1.0438843
2001-07-23,0,1.0796559
2001-07-24,0,1.158021
2001-07-25,0,1.130657
2001-07-26,0,1.1298381
2001-07-27,0,1.0353907
2001-07-28,0,0.9400718
2001-07-29,0,1.0257941
2001-07-30,0,1.0582328
2001-07-31,0,1.1423659
2001-08-01,0,1.0311486
2001-08-02,0,0.97539365
2001-08-03,0,1.0978072
2001-08-04,0,1.0800378
2001-08-05,0,0.95710695
2001-08-06,0,0.93297315
2001-08-07,0,1.1221857
2001-08-08,0,1.2035482
2001-08-09,0,1.2394327
2001-08-10,0,1.1578143
2001-08-11,0,1.0341382
2001-08-12,0,1.0551294
2001-08-13,0,0.9788315
2001-08-14,0,0.98921025
2001-08-15,0,0.93846536
2001-08-16,0,0.91995764
2001-08-17,0,0.9696188
2001-08-18,0,1.0257003
2001-08-19,0,0.9554105
2001-08-20,0,0.79669034
2001-08-21,0,0.84910107
2001-08-22,0,0.85771775
2001-08-23,0,0.8659749
2001-08-24,0,0.9867716
2001-08-25,0,1.0175128
2001-08-26,0,0.94822216
2001-08-27,0,0.9514438
2001-08-28,0,1.0151025
2001-08-29,0,0.991518
2001-08-30,0,1.0696337
2001-08-31,0,1.1091936
2001-09-01,0,1.051686
2001-09-02,0,0.98520005
2001-09-03,0,1.004005
2001-09-04,0,1.020822
2001-09-05,0,0.8956555
2001-09-06,0,0.82409704
2001-09-07,0,0.82555366
2001-09-08,0,0.8789743
2001-09-09,0,0.84348357
2001-09-10,0,0.90907407
2001-09-11,0,0.9348104
2001-09-12,0,1.0216188
2001-09-13,0,0.9129524
2001-09-14,0,0.90667605
2001-09-15,0,0.8850895
2001-09-16,0,0.87381625
2001-09-17,0,0.91618764
2001-09-18,0,0.9356946
2001-09-19,0,0.87998784
2001-09-20,0,0.76637053
2001-09-21,0,0.67282796
2001-09-22,0,0.7351111
2001-09-23,0,0.7588693
2001-09-24,0,0.8087133
2001-09-25,0,0.74450076
2001-09-26,0,0.9655807
2001-09-27,0,0.75718856
2001-09-28,0,0.7804465
2001-09-29,0,0.7984865
2001-09-30,0,0.8074411
2001-10-01,0,0.75467217
2001-10-02,0,0.7567866
2001-10-03,0,0.72710776
2001-10-04,0,0.7228142
2001-10-05,0,0.69439864
2001-10-06,0,0.71158767
2001-10-07,0,0.70294297
2001-10-08,0,0.6698128
2001-10-09,0,0.5361092
2001-10-10,0,0.5632496
2001-10-11,0,0.6009157
2001-10-12,0,0.63413715
2001-10-13,0,0.64773273
2001-10-14,0,0.68412304
2001-10-15,0,0.625999
2001-10-16,0,0.63559306
2001-10-17,0,0.6236265
2001-10-18,0,0.3840629
2001-10-19,0,0.5636561
2001-10-20,0,0.6634772
2001-10-21,0,0.5525168
2001-10-22,0,0.5519216
2001-10-23,0,0.5483576
2001-10-24,0,0.44318545
2001-10-25,0,0.41964912
2001-10-26,0,0.4316883
2001-10-27,0,0.5351857
2001-10-28,0,0.51057804
2001-10-29,0,0.4437425
2001-10-30,0,0.8491595
2001-10-31,0,0.76101136
2001-11-01,0,0.5238143
2001-11-02,0,0.6282722
2001-11-03,0,0.6719723
2001-11-04,0,0.7036129
2001-11-05,0,0.66247725
2001-11-06,0,0.6371136
2001-11-07,0,0.38115597
2001-11-08,0,0.60026133
2001-11-09,0,0.6568041
2001-11-10,0,0.54614663
2001-11-11,0,0.7922857
2001-11-12,0,0.8575407
2001-11-13,0,0.6692538
2001-11-14,0,0.6511394
2001-11-15,0,0.67319465
2001-11-16,0,0.5913662
2001-11-17,0,0.66173446
2001-11-18,0,0.6520854
2001-11-19,0,0.67327654
2001-11-20,0,0.63203716
2001-11-21,0,0.79587054
2001-11-22,0,0.8031541
2001-11-23,0,0.62692666
2001-11-24,0,0.48868144
2001-11-25,0,0.7335535
2001-11-26,0,0.97500765
2001-11-27,0,1.05339
2001-11-28,0,0.93159914
2001-11-29,0,0.9185946
2001-11-30,0,1.0954665
2001-12-01,0,1.0123149
2001-12-02,0,1.4623283
2001-12-03,0,1.3807206
2001-12-04,0,1.169874
2001-12-05,0,0.5860108
2001-12-06,0,0.7035072
2001-12-07,0,0.7617953
2001-12-08,0,0.62632203
2001-12-09,0,1.0043907
2001-12-10,0,1.0781422
2001-12-11,0,1.0505948
2001-12-12,0,0.95380723
2001-12-13,0,0.6769825
2001-12-14,0,0.68277633
2001-12-15,0,1.0019087
2001-12-16,0,1.0218176
2001-12-17,0,0.7468585
2001-12-18,0,0.9691899
2001-12-19,0,1.1311108
2001-12-20,0,1.1871741
2001-12-21,0,0.86585116
2001-12-22,0,0.7527034
2001-12-23,0,0.77119553
2001-12-24,0,1.0737839
2001-12-25,0,0.9684825
2001-12-26,0,0.9897543
2001-12-27,0,0.91454756
2001-12-28,0,0.99187016
2001-12-29,0,1.2638482
2001-12-30,0,1.2477603
2001-12-31,0,1.0877749
2002-01-01,0,1.2155013
2002-01-02,0,1.3069978
2002-01-03,0,0.7522353
2002-01-04,0,1.3723631
2002-01-05,0,1.3276728
2002-01-06,0,1.2446556
2002-01-07,0,1.3192666
2002-01-08,0,1.4048648
2002-01-09,0,1.3881104
2002-01-10,0,1.4094
2002-01-11,0,1.4134891
2002-01-12,0,1.3972652
2002-01-13,0,1.4719372
2002-01-14,0,1.437279
2002-01-15,0,1.4539603
2002-01-16,0,1.3774382
2002-01-17,0,1.3183577
2002-01-18,0,1.4105678
2002-01-19,0,1.3495486
2002-01-20,0,1.3250403
2002-01-21,0,1.2066228
2002-01-22,0,1.268451
2002-01-23,0,1.2823899
2002-01-24,0,1.3255992
2002-01-25,0,1.3104692
2002-01-26,0,1.4995952
2002-01-27,0,1.5539544
2002-01-28,0,1.5129532
2002-01-29,0,1.2983851
2002-01-30,0,1.3402462
2002-01-31,0,1.2911711
2002-02-01,0,1.3327909
2002-02-02,0,1.37734
2002-02-03,0,1.3844914
2002-02-04,0,1.3932016
2002-02-05,0,1.3003473
2002-02-06,0,1.3186078
2002-02-07,0,1.1437078
2002-02-08,0,0.95938635
2002-02-09,0,1.1659601
2002-02-10,0,1.1110406
2002-02-11,0,1.1398351
2002-02-12,0,1.1402534
2002-02-13,0,1.0000684
2002-02-14,0,1.1427039
2002-02-15,0,0.82452226
2002-02-16,0,0.82240796
2002-02-17,0,1.3976223
2002-02-18,0,1.2789857
2002-02-19,0,1.3205197
2002-02-20,0,1.7287519
2002-02-21,0,2.0971892
2002-02-22,0,2.0959158
2002-02-23,0,2.06386
2002-02-24,0,1.9041549
2002-02-25,0,1.6769614
2002-02-26,0,1.5032218
2002-02-27,0,1.4298716
2002-02-28,0,1.0726514
2002-03-01,0,1.3134484
2002-03-02,0,1.1382934
2002-03-03,0,1.1237876
2002-03-04,0,1.0885141
2002-03-05,0,0.9088886
2002-03-06,0,1.8919423
2002-03-07,0,2.653041
2002-03-08,0,1.9952937
2002-03-09,0,2.2168047
2002-03-10,0,2.3351831
2002-03-11,0,2.194502
2002-03-12,0,2.2277052
2002-03-13,0,2.163786
2002-03-14,0,1.9313085
2002-03-15,0,1.8345009
2002-03-16,0,1.6732944
2002-03-17,0,2.0207224
2002-03-18,0,1.593967
2002-03-19,0,1.540653
2002-03-20,0,1.4920607
2002-03-21,0,1.452354
2002-03-22,0,1.4876635
2002-03-23,0,1.9774691
2002-03-24,0,1.9976374
2002-03-25,0,2.0418072
2002-03-26,0,1.9224706
2002-03-27,0,1.7918037
2002-03-28,0,1.7171108
2002-03-29,0,1.68489
2002-03-30,0,1.6024971
2002-03-31,0,1.5263925
2002-04-01,0,1.4320006
2002-04-02,0,1.3568984
2002-04-03,0,1.5049396
2002-04-04,0,1.6525317
2002-04-05,0,1.8257241
2002-04-06,0,1.8690033
2002-04-07,0,1.8572837
2002-04-08,0,1.9228276
2002-04-09,0,2.0023599
2002-04-10,0,1.9683111
2002-04-11,0,1.9810259
2002-04-12,0,2.0436296
2002-04-13,0,1.9818192
2002-04-14,0,2.0605688
2002-04-15,0,1.9963381
2002-04-16,0,1.9597307
2002-04-17,0,1.773015
2002-04-18,0,1.894867
2002-04-19,0,2.0508964
2002-04-20,0,1.9585096
2002-04-21,0,1.9261734
2002-04-22,0,1.9038602
2002-04-23,0,1.8588241
2002-04-24,0,1.7789811
2002-04-25,0,1.8036695
2002-04-26,0,1.9074879
2002-04-27,0,2.0707521
2002-04-28,0,2.1386654
2002-04-29,0,2.195027
2002-04-30,0,2.0962903
2002-05-01,0,2.1034145
2002-05-02,0,2.0658898
2002-05-03,0,1.969281
2002-05-04,0,1.9405239
2002-05-05,0,1.8662866
2002-05-06,0,1.7837573
2002-05-07,0,1.8194785
2002-05-08,0,1.8545328
2002-05-09,0,1.65593
2002-05-10,0,1.7259285
2002-05-11,0,1.7232547
2002-05-12,0,1.6016257
2002-05-13,0,1.4827981
2002-05-14,0,1.3970091
2002-05-15,0,1.2812127
2002-05-16,0,1.2544822
2002-05-17,0,1.2117635
2002-05-18,0,0.9306061
2002-05-19,0,1.0516171
2002-05-20,0,1.1282262
2002-05-21,0,1.335549
2002-05-22,0,1.2614274
2002-05-23,0,1.2949027
2002-05-24,0,1.3117237
2002-05-25,0,1.2911342
2002-05-26,0,1.1739224
2002-05-27,0,1.2127988
2002-05-28,0,1.1511974
2002-05-29,0,1.2770494
2002-05-30,0,1.4366344
2002-05-31,0,1.4932346
2002-06-01,0,1.4507806
2002-06-02,0,1.3761082
2002-06-03,0,1.5698378
2002-06-04,0,1.6410277
2002-06-05,0,1.6286572
2002-06-06,0,1.6233886
2002-06-07,0,1.5401999
2002-06-08,0,1.5137239
2002-06-09,0,1.2187078
2002-06-10,0,1.4127915
2002-06-11,0,1.4186146
2002-06-12,0,1.4698172
2002-06-13,0,1.5248928
2002-06-14,0,1.4815977
2002-06-15,0,1.473024
2002-06-16,0,1.3731349
2002-06-17,0,1.4568197
2002-06-18,0,1.620934
2002-06-19,0,1.543577
2002-06-20,0,1.4763696
2002-06-21,0,1.4431283
2002-06-22,0,1.5384152
2002-06-23,0,1.5013125
2002-06-24,0,1.4874446
2002-06-25,0,1.534328
2002-06-26,0,1.5034313
2002-06-27,0,1.5506535
2002-06-28,0,1.5120752
2002-06-29,0,1.587821
2002-06-30,0,1.6093597
2002-07-01,0,1.5606833
2002-07-02,0,1.5552108
2002-07-03,0,1.4461663
2002-07-04,0,1.4315481
2002-07-05,0,1.4759865
2002-07-06,0,1.5307013
2002-07-07,0,1.5268838
2002-07-08,0,1.5212976
2002-07-09,0,1.4848955
2002-07-10,0,1.5282382
2002-07-11,0,1.5190039
2002-07-12,0,1.5759888
2002-07-13,0,1.6211939
2002-07-14,0,1.5797559
2002-07-15,0,1.5036705
2002-07-16,0,1.4743881
2002-07-17,0,1.5176923
2002-07-18,0,1.5090542
2002-07-19,0,1.5737802
2002-07-20,0,1.5612923
2002-07-21,0,1.5374138
2002-07-22,0,1.5239747
2002-07-23,0,1.4937711
2002-07-24,0,1.4251189
2002-07-25,0,1.3551247
2002-07-26,0,1.4379995
2002-07-27,0,1.5499022
2002-07-28,0,1.564192
2002-07-29,0,1.5468668
2002-07-30,0,1.5592874
2002-07-31,0,1.5494838
2002-08-01,0,1.5644716
2002-08-02,0,1.5653194
2002-08-03,0,1.5399785
2002-08-04,0,1.4307897
2002-08-05,0,1.2632358
2002-08-06,0,1.1629348
2002-08-07,0,1.2828789
2002-08-08,0,1.3259354
2002-08-09,0,1.352948
2002-08-10,0,1.4064536
2002-08-11,0,1.4113171
2002-08-12,0,1.4719882
2002-08-13,0,1.4857218
2002-08-14,0,1.4512243
2002-08-15,0,1.4791799
2002-08-16,0,1.4544737
2002-08-17,0,1.3695104
2002-08-18,0,1.3201809
2002-08-19,0,1.1875579
2002-08-20,0,1.2340894
2002-08-21,0,1.3140187
2002-08-22,0,1.2391669
2002-08-23,0,1.2469659
2002-08-24,0,1.2389444
2002-08-25,0,1.1846113
2002-08-26,0,1.3898473
2002-08-27,0,1.3440697
2002-08-28,0,1.3308043
2002-08-29,0,1.3707309
2002-08-30,0,1.3794622
2002-08-31,0,1.3829741
2002-09-01,0,1.3709393
2002-09-02,0,1.3828676
2002-09-03,0,1.1379287
2002-09-04,0,1.011593
2002-09-05,0,0.9383248
2002-09-06,0,1.0190877
2002-09-07,0,1.0848515
2002-09-08,0,1.1033995
2002-09-09,0,1.0751556
2002-09-10,0,1.0608099
2002-09-11,0,1.072485
2002-09-12,0,1.0512356
2002-09-13,0,1.0185933
2002-09-14,0,0.9823166
2002-09-15,0,0.95072126
2002-09-16,0,1.0264602
2002-09-17,0,1.0497888
2002-09-18,0,0.8837484
2002-09-19,0,0.99354804
2002-09-20,0,1.0074939
2002-09-21,0,0.8884566
2002-09-22,0,0.789466
2002-09-23,0,0.871199
2002-09-24,0,0.8743075
2002-09-25,0,0.913661
2002-09-26,0,0.89129424
2002-09-27,0,0.9594871
2002-09-28,0,0.96228397
2002-09-29,0,1.005492
2002-09-30,0,0.98357844
2002-10-01,0,0.9429207
2002-10-02,0,0.87707543
2002-10-03,0,0.9856696
2002-10-04,0,0.9890735
2002-10-05,0,0.9428798
2002-10-06,0,0.9259192
2002-10-07,0,0.9097445
2002-10-08,0,0.8778045
2002-10-09,0,0.8585013
2002-10-10,0,0.8293723
2002-10-11,0,0.73343134
2002-10-12,0,0.728189
2002-10-13,0,0.77693987
2002-10-14,0,0.8299935
2002-10-15,0,0.83083045
2002-10-16,0,0.8018446
2002-10-17,0,0.7995225
2002-10-18,0,0.6952349
2002-10-19,0,0.710137
2002-10-20,0,0.70468175
2002-10-21,0,0.8003094
2002-10-22,0,0.7718172
2002-10-23,0,0.70273817
2002-10-24,0,0.8097893
2002-10-25,0,0.94776666
2002-10-26,0,0.92783225
2002-10-27,0,0.7047279
2002-10-28,0,0.75746346
2002-10-29,0,0.860625
2002-10-30,0,0.80361557
2002-10-31,0,0.4877894
2002-11-01,0,0.68638396
2002-11-02,0,0.7807405
2002-11-03,0,0.88995457
2002-11-04,0,0.80621374
2002-11-05,0,0.6870415
2002-11-06,0,0.90917087
2002-11-07,0,0.9880849
2002-11-08,0,1.4226172
2002-11-09,0,1.2900496
2002-11-10,0,1.1644075
2002-11-11,0,1.021318
2002-11-12,0,1.0115097
2002-11-13,0,0.91715324
2002-11-14,0,1.0516484
2002-11-15,0,1.2051244
2002-11-16,0,1.2113893
2002-11-17,0,1.0397543
2002-11-18,0,1.0937052
2002-11-19,0,1.0470625
2002-11-20,0,1.1190886
2002-11-21,0,1.0392833
2002-11-22,0,1.1070468
2002-11-23,0,1.0393806
2002-11-24,0,1.0732293
2002-11-25,0,1.2169352
2002-11-26,0,1.2724502
2002-11-27,0,1.2881722
2002-11-28,0,1.2362928
2002-11-29,0,1.2712862
2002-11-30,0,1.2315614
2002-12-01,0,1.1495633
2002-12-02,0,1.1763632
2002-12-03,0,1.1458186
2002-12-04,0,1.0977232
2002-12-05,0,1.1515219
2002-12-06,0,1.1781079
2002-12-07,0,1.0892231
2002-12-08,0,1.1455688
2002-12-09,0,1.1374949
2002-12-10,0,1.1178541
2002-12-11,0,1.1511312
2002-12-12,0,1.141058
2002-12-13,0,1.1548305
2002-12-14,0,1.6652046
2002-12-15,0,1.6439095
2002-12-16,0,2.200213
2002-12-17,0,2.5839198
2002-12-18,0,3.2312875
2002-12-19,0,3.3257663
2002-12-20,0,3.5161
2002-12-21,0,3.5798194
2002-12-22,0,3.574385
2002-12-23,0,3.3184376
2002-12-24,0,2.7722106
2002-12-25,0,2.7999098
2002-12-26,0,2.4716015
2002-12-27,0,2.496888
2002-12-28,0,2.7217124
2002-12-29,0,2.8383212
2002-12-30,0,3.3324418
2002-12-31,0,3.335269
